customerID,customer_gender,customer_SeniorCitizen,customer_Partner,customer_Dependents,customer_tenure,phone_PhoneService,phone_MultipleLines,internet_InternetService,internet_OnlineSecurity,internet_OnlineBackup,internet_DeviceProtection,internet_TechSupport,internet_StreamingTV,internet_StreamingMovies,Contract,account_PaperlessBilling,account_PaymentMethod,MonthlyCharges,account_Charges_Total,Churn_Probability,Risk_Prediction
2038-OEQZH,Male,0,No,No,4,Yes,No,Fiber optic,No,No,Yes,No,No,Yes,Month-to-month,No,Electronic check,86.05,308.1,0.7600097066631646,1
5419-JPRRN,Male,0,No,No,1,Yes,Yes,Fiber optic,No,No,Yes,No,Yes,Yes,Month-to-month,Yes,Electronic check,101.45,101.45,0.9169294949629289,1
8212-CRQXP,Female,0,Yes,No,22,Yes,No,Fiber optic,No,No,No,No,Yes,No,Month-to-month,Yes,Credit card (automatic),80.0,1706.45,0.4870757310421243,1
7142-HVGBG,Male,1,Yes,No,43,Yes,Yes,Fiber optic,No,Yes,Yes,No,Yes,Yes,Month-to-month,Yes,Electronic check,103.0,4414.3,0.7539750172052438,1
5222-IMUKT,Male,0,No,No,32,Yes,No,Fiber optic,No,No,No,No,Yes,Yes,Month-to-month,No,Electronic check,91.05,2871.5,0.5510914036241479,1
0666-UXTJO,Male,1,Yes,No,34,Yes,No,Fiber optic,No,No,Yes,No,Yes,No,Month-to-month,Yes,Credit card (automatic),85.2,2874.45,0.5110500758558115,1
7665-TOALD,Female,0,No,No,1,Yes,No,Fiber optic,No,No,No,No,No,No,Month-to-month,Yes,Electronic check,69.6,69.6,0.9076636301345389,1
5235-XATIX,Male,0,No,Yes,22,Yes,No,Fiber optic,No,Yes,Yes,No,Yes,No,Month-to-month,Yes,Electronic check,89.4,2001.5,0.737438066428475,1
1084-UQCHV,Male,0,No,Yes,1,Yes,No,Fiber optic,No,No,No,No,No,No,Month-to-month,No,Bank transfer (automatic),69.75,69.75,0.8067995267801276,1
3351-NQLDI,Female,0,Yes,Yes,67,Yes,Yes,Fiber optic,Yes,No,No,Yes,No,Yes,One year,Yes,Credit card (automatic),94.35,6341.45,0.4292236307913938,1
7538-GWHML,Female,0,No,No,2,Yes,No,Fiber optic,No,No,No,No,No,No,Month-to-month,No,Electronic check,69.65,145.15,0.8220061327763842,1
4948-WBBKL,Female,1,No,No,36,Yes,Yes,Fiber optic,No,No,No,No,No,No,Month-to-month,Yes,Bank transfer (automatic),74.9,2659.45,0.6476209138439002,1
6180-YBIQI,Male,0,No,No,5,No,No phone service,DSL,No,No,No,No,No,No,Month-to-month,No,Mailed check,24.3,100.2,0.6410517460355646,1
1522-VVDMG,Male,0,Yes,Yes,7,Yes,No,Fiber optic,No,Yes,No,Yes,Yes,No,Month-to-month,Yes,Electronic check,89.75,608.8,0.7899548386146376,1
8773-HHUOZ,Female,0,No,Yes,17,Yes,No,DSL,No,No,No,No,Yes,Yes,Month-to-month,Yes,Mailed check,64.7,1093.1,0.5530474724323847,1
8937-FVBIE,Male,0,Yes,No,67,Yes,No,Fiber optic,Yes,Yes,No,No,No,Yes,One year,Yes,Credit card (automatic),90.6,6056.15,0.36706947363241615,1
4477-QAXWD,Male,0,Yes,No,25,No,No phone service,DSL,No,No,Yes,No,Yes,No,One year,Yes,Credit card (automatic),38.1,970.4,0.3406298364072618,1
5364-EVNIB,Male,0,No,No,13,Yes,No,Fiber optic,No,Yes,Yes,No,No,No,Month-to-month,Yes,Electronic check,79.8,973.45,0.7875449253013013,1
0295-PPHDO,Male,0,No,No,1,Yes,Yes,Fiber optic,No,No,No,No,Yes,Yes,Month-to-month,Yes,Electronic check,95.45,95.45,0.8944411458277172,1
3798-EPWRR,Female,1,No,No,2,Yes,No,DSL,No,No,No,No,No,No,Month-to-month,No,Electronic check,43.95,85.1,0.7514549532606959,1
1508-DFXCU,Male,0,No,No,12,Yes,No,Fiber optic,No,No,No,No,Yes,No,Month-to-month,Yes,Electronic check,81.45,912.0,0.8179274076223926,1
6741-EGCBI,Male,1,No,No,30,Yes,Yes,Fiber optic,Yes,No,No,No,No,Yes,Month-to-month,Yes,Credit card (automatic),90.5,2595.85,0.6005071027130632,1
8665-UTDHZ,Male,0,Yes,Yes,1,No,No phone service,DSL,No,Yes,No,No,No,No,Month-to-month,No,Electronic check,30.2,30.2,0.7361887509049088,1
9828-AOQLM,Female,0,Yes,Yes,1,Yes,No,DSL,No,No,No,No,No,No,Month-to-month,Yes,Electronic check,45.7,45.7,0.7620610424059897,1
0761-AETCS,Female,0,No,No,1,Yes,No,No,No internet service,No internet service,No internet service,No internet service,No internet service,No internet service,Month-to-month,No,Electronic check,19.3,19.3,0.4237230622244514,1
7979-YHUFG,Male,0,No,No,8,Yes,No,Fiber optic,No,No,No,No,No,No,Month-to-month,Yes,Mailed check,70.1,551.35,0.6772856611880753,1
8875-AKBYH,Male,1,No,No,20,Yes,Yes,Fiber optic,No,No,No,No,Yes,No,Month-to-month,Yes,Electronic check,84.35,1745.2,0.8307309012971794,1
4026-SKKHW,Male,0,No,No,3,Yes,No,DSL,No,No,No,Yes,No,No,Month-to-month,Yes,Mailed check,50.25,152.3,0.6360023079381889,1
9078-GDRPJ,Female,0,Yes,Yes,63,Yes,Yes,Fiber optic,Yes,Yes,Yes,No,Yes,No,Month-to-month,Yes,Electronic check,100.55,6215.35,0.6095557085897597,1
2974-GGUXS,Female,1,Yes,No,36,Yes,Yes,Fiber optic,No,Yes,No,No,Yes,No,Month-to-month,Yes,Credit card (automatic),91.95,3301.05,0.6091389365757296,1
9921-EZKBY,Male,0,No,Yes,33,Yes,Yes,Fiber optic,Yes,No,Yes,No,No,Yes,Month-to-month,Yes,Bank transfer (automatic),95.3,3275.15,0.4395827825098695,1
6360-SVNWV,Female,1,No,No,31,Yes,No,Fiber optic,Yes,No,No,No,No,No,Month-to-month,Yes,Credit card (automatic),73.55,2094.65,0.4632585893343372,1
9300-RENDD,Male,0,No,No,1,Yes,No,Fiber optic,No,No,No,No,Yes,No,Month-to-month,Yes,Electronic check,79.95,79.95,0.9126382835026327,1
2013-SGDXK,Female,0,No,No,1,Yes,No,Fiber optic,No,Yes,No,No,Yes,No,Month-to-month,No,Electronic check,84.3,84.3,0.8819752264889706,1
1907-UBQFC,Male,1,No,No,10,Yes,No,Fiber optic,No,Yes,No,No,No,No,Month-to-month,Yes,Electronic check,72.85,688.65,0.7517237031773527,1
3590-TCXTB,Male,0,No,No,1,Yes,No,No,No internet service,No internet service,No internet service,No internet service,No internet service,No internet service,Month-to-month,No,Mailed check,20.35,20.35,0.5519624566520089,1
5027-QPKTE,Male,0,Yes,No,7,Yes,No,Fiber optic,No,No,No,No,No,No,Month-to-month,Yes,Electronic check,69.35,451.1,0.7762217035000751,1
1346-UFHAX,Female,0,No,No,13,Yes,Yes,Fiber optic,Yes,No,No,No,No,No,Month-to-month,Yes,Credit card (automatic),80.0,1029.35,0.5769410026657098,1
0701-RFGFI,Female,0,Yes,Yes,49,Yes,Yes,Fiber optic,No,No,No,No,Yes,Yes,Month-to-month,Yes,Bank transfer (automatic),95.4,4613.95,0.5799457834168646,1
3144-AUDBS,Female,0,Yes,No,6,Yes,No,DSL,No,No,No,Yes,No,No,Month-to-month,Yes,Electronic check,49.15,270.8,0.6678721272322494,1
0125-LZQXK,Male,0,No,No,15,Yes,No,Fiber optic,No,No,Yes,Yes,Yes,Yes,Month-to-month,Yes,Electronic check,101.35,1553.95,0.7772698690449764,1
8178-EYZUO,Male,0,No,No,46,Yes,Yes,Fiber optic,Yes,Yes,No,No,No,Yes,Month-to-month,Yes,Electronic check,93.7,4154.8,0.5967943697977232,1
0168-XZKBB,Female,0,Yes,No,19,Yes,Yes,Fiber optic,No,No,No,No,Yes,No,Month-to-month,Yes,Electronic check,86.85,1564.4,0.734754123545414,1
5299-SJCZT,Male,0,No,No,3,Yes,Yes,Fiber optic,No,No,Yes,No,Yes,Yes,Month-to-month,Yes,Bank transfer (automatic),101.55,298.35,0.8834081421715005,1
5868-CZJDR,Male,0,No,Yes,1,No,No phone service,DSL,No,Yes,No,No,No,No,Month-to-month,Yes,Mailed check,31.35,31.35,0.7483864327789905,1
7548-SEPYI,Female,0,No,No,5,Yes,No,Fiber optic,No,Yes,No,No,Yes,Yes,Month-to-month,Yes,Electronic check,96.25,512.45,0.8735391141430583,1
3604-WLABM,Female,0,No,No,10,Yes,No,DSL,No,No,Yes,Yes,No,No,Month-to-month,No,Electronic check,54.25,583.0,0.49344012618451794,1
1235-GPKNS,Female,0,No,Yes,5,Yes,No,DSL,No,No,No,No,No,No,Month-to-month,No,Mailed check,46.0,221.7,0.6078301268774776,1
3158-MOERK,Female,0,No,No,2,Yes,Yes,Fiber optic,No,No,No,No,Yes,Yes,Month-to-month,Yes,Electronic check,96.0,174.8,0.9231338125931896,1
5174-RNGBH,Female,0,No,No,9,Yes,No,DSL,No,Yes,No,Yes,Yes,No,Month-to-month,No,Mailed check,66.25,620.55,0.5247984743394702,1
1596-BBVTG,Male,0,No,No,35,Yes,Yes,Fiber optic,No,No,No,No,No,No,Month-to-month,No,Credit card (automatic),75.35,2636.05,0.4837547119357219,1
5886-VLQVU,Male,0,Yes,No,35,Yes,Yes,Fiber optic,No,No,No,Yes,No,Yes,Month-to-month,Yes,Bank transfer (automatic),89.85,3161.2,0.40244010445921247,1
7225-CBZPL,Male,1,Yes,No,17,Yes,Yes,Fiber optic,No,No,No,No,Yes,Yes,Month-to-month,Yes,Electronic check,94.8,1563.9,0.7653620585326385,1
1307-ATKGB,Male,0,No,No,24,Yes,No,Fiber optic,No,Yes,Yes,No,No,Yes,Month-to-month,Yes,Electronic check,89.55,2187.15,0.6667016765388227,1
2254-DLXRI,Female,0,No,No,1,Yes,Yes,Fiber optic,No,Yes,No,No,No,No,Month-to-month,Yes,Mailed check,79.15,79.15,0.8743407641116641,1
0374-IOEGQ,Female,0,No,No,3,Yes,No,DSL,No,No,No,No,No,No,Month-to-month,No,Electronic check,44.6,122.7,0.6935560392968877,1
1195-UQFHQ,Male,0,No,No,61,Yes,Yes,Fiber optic,Yes,No,Yes,No,Yes,Yes,One year,No,Electronic check,104.0,6363.45,0.32045889114532683,1
2672-OJQZP,Female,0,No,No,1,Yes,No,DSL,No,No,No,No,No,No,Month-to-month,No,Mailed check,44.75,44.75,0.7239530889470529,1
7402-EYFXX,Male,1,No,No,26,Yes,Yes,Fiber optic,No,No,No,No,Yes,Yes,Month-to-month,Yes,Electronic check,93.6,2404.1,0.804944399410713,1
8775-LHDJH,Female,1,Yes,No,1,Yes,Yes,Fiber optic,No,Yes,No,No,Yes,No,Month-to-month,Yes,Electronic check,90.6,90.6,0.8966168372502374,1
8160-HOWOX,Female,0,No,No,7,Yes,No,DSL,No,No,No,No,Yes,Yes,Month-to-month,Yes,Electronic check,66.85,458.1,0.5303620060018348,1
9659-QEQSY,Female,0,No,No,45,Yes,Yes,Fiber optic,Yes,Yes,Yes,Yes,Yes,Yes,Month-to-month,Yes,Electronic check,115.65,5125.5,0.38708813721681734,1
7880-XSOJX,Male,0,No,No,4,No,No phone service,DSL,Yes,Yes,No,Yes,No,No,Month-to-month,No,Mailed check,42.4,146.4,0.48409509257526173,1
4672-FOTSD,Male,0,No,No,12,Yes,Yes,DSL,Yes,Yes,No,Yes,No,No,Month-to-month,Yes,Electronic check,67.25,832.3,0.32045199552126463,1
7853-WNZSY,Male,0,No,No,1,Yes,No,No,No internet service,No internet service,No internet service,No internet service,No internet service,No internet service,Month-to-month,Yes,Credit card (automatic),19.75,19.75,0.35582648495423214,1
7054-LGEQW,Female,0,No,No,1,Yes,No,DSL,No,No,No,No,No,No,Month-to-month,No,Mailed check,45.95,45.95,0.7133105340107366,1
4671-LXRDQ,Male,0,No,No,2,Yes,No,DSL,No,No,No,No,No,No,Month-to-month,Yes,Mailed check,45.0,96.45,0.7689365854854024,1
6259-WJQLC,Male,1,No,No,32,Yes,Yes,Fiber optic,No,No,Yes,No,No,No,Month-to-month,Yes,Credit card (automatic),81.1,2619.25,0.6321586080132576,1
9920-GNDMB,Male,0,No,No,9,Yes,Yes,Fiber optic,No,No,No,No,No,No,Month-to-month,Yes,Electronic check,76.25,684.85,0.7990985516716025,1
5650-YLIBA,Male,0,No,No,31,Yes,Yes,Fiber optic,No,Yes,No,No,No,No,Month-to-month,Yes,Electronic check,81.15,2640.55,0.7475797161295684,1
4351-QLCSU,Female,0,No,No,1,Yes,No,DSL,No,No,No,No,Yes,No,Month-to-month,Yes,Credit card (automatic),55.0,55.0,0.7203450488982288,1
0617-FHSGK,Male,0,No,Yes,49,Yes,Yes,Fiber optic,No,No,No,No,No,No,Month-to-month,No,Credit card (automatic),75.2,3678.3,0.554835306096297,1
8180-AKMJV,Female,0,No,No,1,Yes,No,DSL,No,No,No,No,No,No,Month-to-month,Yes,Credit card (automatic),44.55,44.55,0.7263870133249591,1
9317-WZPGV,Female,1,No,No,2,Yes,No,Fiber optic,No,No,No,No,No,Yes,Month-to-month,Yes,Bank transfer (automatic),79.75,159.4,0.8696921243804521,1
0670-KDOMA,Female,0,No,No,1,Yes,No,No,No internet service,No internet service,No internet service,No internet service,No internet service,No internet service,Month-to-month,Yes,Mailed check,20.25,20.25,0.6022813055729278,1
2504-DSHIH,Male,1,Yes,No,23,Yes,Yes,Fiber optic,No,No,No,No,No,Yes,Month-to-month,No,Electronic check,86.8,1975.85,0.61583537931072,1
5959-BELXA,Male,1,No,No,32,Yes,Yes,Fiber optic,No,No,No,No,Yes,Yes,Month-to-month,Yes,Credit card (automatic),96.15,3019.25,0.699081150912293,1
8660-BUETV,Female,0,No,No,3,Yes,No,DSL,No,No,No,No,No,No,Month-to-month,No,Mailed check,44.75,148.05,0.6637189599012601,1
4749-OJKQU,Female,0,No,No,4,Yes,Yes,Fiber optic,No,No,No,No,No,No,Month-to-month,Yes,Electronic check,75.65,302.35,0.8335033217053429,1
8677-HDZEE,Female,0,No,No,56,Yes,Yes,Fiber optic,No,Yes,No,Yes,Yes,Yes,Month-to-month,Yes,Bank transfer (automatic),105.45,5916.95,0.38218760762186255,1
9518-RWHZL,Female,0,No,No,64,Yes,Yes,Fiber optic,No,No,Yes,No,Yes,Yes,One year,Yes,Credit card (automatic),100.05,6254.2,0.5130285115748894,1
2672-DZUOY,Male,0,No,No,1,No,No phone service,DSL,No,No,No,No,No,No,Month-to-month,Yes,Electronic check,25.15,25.15,0.8819561567623034,1
8267-ZNYVZ,Female,0,Yes,No,33,Yes,No,Fiber optic,Yes,No,Yes,Yes,Yes,Yes,One year,Yes,Electronic check,103.75,3361.05,0.6229050916412657,1
7295-EXSMO,Female,1,No,No,3,Yes,No,Fiber optic,No,No,Yes,No,No,No,Month-to-month,No,Mailed check,75.05,202.9,0.7390032901957255,1
3092-IGHWF,Male,0,Yes,Yes,67,Yes,Yes,Fiber optic,No,Yes,Yes,No,No,No,One year,No,Electronic check,87.4,5918.8,0.3636208119940526,1
1173-NOEYG,Female,0,Yes,No,27,Yes,Yes,Fiber optic,No,No,Yes,No,No,Yes,Month-to-month,No,Bank transfer (automatic),90.15,2423.4,0.48785399619056624,1
8329-GWVPJ,Female,0,Yes,Yes,50,Yes,No,Fiber optic,No,No,No,No,No,No,Month-to-month,Yes,Bank transfer (automatic),69.75,3557.7,0.4420138863359045,1
9846-GKXAS,Female,0,No,No,9,Yes,No,Fiber optic,No,No,No,No,Yes,Yes,Month-to-month,Yes,Bank transfer (automatic),90.8,809.75,0.8080991012973909,1
6447-GORXK,Male,0,No,Yes,31,No,No phone service,DSL,No,No,No,No,No,No,Month-to-month,No,Credit card (automatic),25.0,789.2,0.31498576827845365,1
0774-IFUVM,Male,0,Yes,Yes,11,Yes,Yes,DSL,Yes,No,No,No,Yes,No,Month-to-month,Yes,Bank transfer (automatic),65.15,723.35,0.41295132605618456,1
7363-QTBIW,Female,0,Yes,No,9,Yes,No,Fiber optic,No,No,No,No,No,Yes,Month-to-month,Yes,Electronic check,79.75,769.1,0.817375887265507,1
7005-CCBKV,Male,0,No,No,6,Yes,No,Fiber optic,No,Yes,No,No,No,Yes,Month-to-month,Yes,Electronic check,84.4,556.35,0.8053058394364302,1
9367-WXLCH,Male,0,No,No,8,Yes,Yes,Fiber optic,No,No,No,No,No,Yes,Month-to-month,No,Bank transfer (automatic),84.5,662.65,0.8074550087052087,1
5884-GCYMI,Male,0,No,No,1,Yes,No,Fiber optic,No,No,No,No,No,No,Month-to-month,No,Mailed check,69.4,69.4,0.8475809342788311,1
3481-JHUZH,Male,0,Yes,No,41,Yes,Yes,Fiber optic,No,Yes,No,No,No,No,Month-to-month,Yes,Electronic check,80.25,3439.0,0.6596885514937213,1
0151-ONTOV,Female,0,No,No,1,Yes,No,Fiber optic,No,No,No,No,No,No,Month-to-month,No,Mailed check,70.9,70.9,0.8876560276096742,1
1732-VHUBQ,Female,1,Yes,Yes,47,Yes,No,Fiber optic,No,No,No,No,No,No,Month-to-month,No,Bank transfer (automatic),70.55,3309.25,0.5427155132499882,1
7968-BCBQB,Female,0,No,No,3,Yes,Yes,Fiber optic,No,No,No,No,No,No,Month-to-month,No,Bank transfer (automatic),74.4,215.8,0.8415725745997107,1
7839-QRKXN,Female,0,No,No,1,Yes,No,No,No internet service,No internet service,No internet service,No internet service,No internet service,No internet service,Month-to-month,Yes,Mailed check,20.2,20.2,0.6022813055729278,1
9050-IKDZA,Female,1,No,No,2,Yes,No,Fiber optic,No,No,No,No,Yes,No,Month-to-month,No,Mailed check,81.5,162.55,0.7735944634624241,1
5366-OBVMR,Female,0,Yes,No,18,Yes,No,DSL,No,No,No,Yes,No,No,Month-to-month,Yes,Mailed check,50.3,908.75,0.3542868035781765,1
0709-TVGUR,Female,1,No,No,9,Yes,Yes,Fiber optic,No,No,No,No,No,No,Month-to-month,Yes,Electronic check,74.55,622.9,0.8198764237713903,1
2362-IBOOY,Male,0,No,No,36,Yes,Yes,Fiber optic,No,No,No,No,No,Yes,Month-to-month,Yes,Electronic check,84.75,3050.15,0.7915464323349767,1
3891-PUQOD,Female,0,No,Yes,1,Yes,No,DSL,No,No,Yes,No,No,Yes,Month-to-month,No,Electronic check,59.2,59.2,0.7402525588520453,1
3948-XHGNA,Male,0,No,No,24,Yes,No,DSL,Yes,No,No,No,No,No,Month-to-month,Yes,Bank transfer (automatic),49.55,1210.4,0.39731704095930565,1
5624-BQSSA,Female,0,No,No,1,Yes,No,No,No internet service,No internet service,No internet service,No internet service,No internet service,No internet service,Month-to-month,No,Mailed check,20.95,20.95,0.6242480041677801,1
5055-MGMGF,Female,0,Yes,No,65,Yes,Yes,Fiber optic,Yes,No,Yes,No,Yes,Yes,Month-to-month,Yes,Electronic check,105.05,6914.95,0.3965949470777631,1
4102-OQUPX,Male,1,Yes,No,1,Yes,Yes,Fiber optic,No,No,No,No,No,No,Month-to-month,Yes,Electronic check,74.4,74.4,0.9435079687909445,1
4098-NAUKP,Male,1,Yes,Yes,68,Yes,Yes,Fiber optic,No,Yes,Yes,No,No,No,Month-to-month,Yes,Electronic check,84.65,5683.6,0.40625687686697814,1
4626-GYCZP,Male,0,No,No,7,Yes,Yes,Fiber optic,No,No,No,No,Yes,Yes,Month-to-month,Yes,Electronic check,93.85,635.6,0.8878803803989729,1
0058-EVZWM,Female,0,Yes,No,55,Yes,Yes,Fiber optic,Yes,No,No,No,Yes,No,Month-to-month,Yes,Bank transfer (automatic),89.8,4959.6,0.3261833828715735,1
4983-CCWMC,Male,0,No,No,3,Yes,No,Fiber optic,No,No,No,No,No,No,Month-to-month,Yes,Mailed check,69.6,207.4,0.6740036410636329,1
5183-SNMJQ,Male,0,No,No,10,Yes,No,Fiber optic,No,No,No,Yes,Yes,Yes,Month-to-month,Yes,Credit card (automatic),95.1,865.1,0.6487262089919195,1
8443-ZRDBZ,Male,0,No,No,4,Yes,Yes,Fiber optic,No,No,No,No,No,No,Month-to-month,Yes,Electronic check,76.05,318.9,0.8467165332799702,1
0023-HGHWL,Male,1,No,No,1,No,No phone service,DSL,No,No,No,No,No,No,Month-to-month,Yes,Electronic check,25.1,25.1,0.9083846825098847,1
1628-BIZYP,Male,0,No,No,1,Yes,No,Fiber optic,No,Yes,No,No,No,Yes,Month-to-month,Yes,Electronic check,85.0,85.0,0.8636960537244748,1
5339-TJFEK,Male,0,Yes,Yes,62,Yes,Yes,Fiber optic,Yes,Yes,No,No,Yes,Yes,Month-to-month,Yes,Electronic check,105.5,6487.2,0.5370456919286102,1
6599-RCLCJ,Male,0,Yes,No,47,Yes,Yes,Fiber optic,No,Yes,Yes,Yes,Yes,Yes,Month-to-month,Yes,Electronic check,109.55,5124.55,0.4642501358651876,1
5442-UTCVD,Male,0,No,Yes,3,Yes,Yes,Fiber optic,No,No,Yes,No,No,Yes,Month-to-month,No,Electronic check,91.85,257.05,0.8466529007651515,1
7521-AFHAB,Female,0,Yes,Yes,5,Yes,No,DSL,No,No,No,No,No,No,Month-to-month,No,Mailed check,44.8,220.45,0.5688258730648743,1
3815-SLMEF,Female,0,No,No,3,No,No phone service,DSL,Yes,No,No,Yes,No,No,Month-to-month,No,Mailed check,34.25,139.35,0.6212856115532066,1
6956-SMUCM,Female,0,No,No,3,Yes,No,Fiber optic,Yes,No,Yes,No,Yes,Yes,Month-to-month,Yes,Credit card (automatic),99.0,287.4,0.7152766630420545,1
8069-YQQAJ,Male,0,No,No,14,No,No phone service,DSL,No,Yes,No,No,No,No,Month-to-month,Yes,Mailed check,31.1,419.7,0.3599688549366386,1
7892-QVYKW,Female,0,Yes,Yes,23,Yes,Yes,Fiber optic,No,No,No,No,No,Yes,Month-to-month,No,Electronic check,85.6,1868.4,0.6207726304538896,1
4647-MUZON,Female,0,Yes,No,18,Yes,No,Fiber optic,No,No,Yes,No,Yes,Yes,Month-to-month,Yes,Credit card (automatic),95.95,1745.5,0.6156480171008907,1
9667-TKTVZ,Female,0,No,No,2,Yes,Yes,DSL,No,No,No,Yes,No,No,Month-to-month,Yes,Mailed check,54.35,117.05,0.7166901259961387,1
6100-QQHEB,Male,0,Yes,Yes,17,Yes,Yes,Fiber optic,No,No,No,No,Yes,Yes,Month-to-month,Yes,Electronic check,92.55,1515.1,0.811640522548692,1
2154-KVJFF,Female,0,No,No,15,Yes,Yes,Fiber optic,No,Yes,No,No,No,No,Month-to-month,Yes,Electronic check,79.75,1111.85,0.7981981210373139,1
2674-MLXMN,Female,1,No,No,71,Yes,Yes,Fiber optic,No,Yes,No,No,Yes,Yes,Month-to-month,Yes,Credit card (automatic),99.65,6951.15,0.37408299556991254,1
6214-EDAKZ,Female,0,Yes,Yes,22,Yes,No,DSL,No,Yes,No,Yes,No,No,Month-to-month,No,Electronic check,55.15,1206.05,0.3854610406096498,1
3398-FSHON,Female,1,No,No,12,Yes,Yes,Fiber optic,No,Yes,No,No,Yes,No,Month-to-month,Yes,Electronic check,91.3,1094.5,0.859609562764089,1
9506-UXUSK,Male,0,No,No,13,Yes,No,Fiber optic,No,No,No,No,No,No,Month-to-month,Yes,Electronic check,70.15,931.75,0.7406007759438623,1
5543-QDCRY,Male,0,No,No,4,Yes,No,DSL,No,No,No,No,Yes,No,Month-to-month,Yes,Electronic check,56.4,234.85,0.5673520263610556,1
7180-PISOG,Male,0,Yes,Yes,1,Yes,Yes,Fiber optic,No,No,No,No,No,No,Month-to-month,Yes,Electronic check,74.5,74.5,0.9316933596629069,1
2858-EIMXH,Female,1,Yes,No,53,Yes,Yes,Fiber optic,No,No,No,No,Yes,Yes,One year,Yes,Credit card (automatic),95.85,5016.25,0.4411455359180224,1
6402-EJMWF,Male,0,No,No,4,Yes,No,DSL,No,No,No,No,No,Yes,Month-to-month,Yes,Mailed check,55.3,238.5,0.5820291442989451,1
5219-YIPTK,Female,0,Yes,No,33,Yes,Yes,Fiber optic,No,Yes,Yes,No,Yes,Yes,Month-to-month,Yes,Electronic check,104.4,3409.6,0.7820140315689996,1
4946-VTTND,Male,0,Yes,No,8,Yes,No,Fiber optic,Yes,No,No,No,No,No,Month-to-month,Yes,Mailed check,75.0,658.1,0.59671121103052,1
4061-UKJWL,Male,0,No,No,3,Yes,No,DSL,No,No,No,No,No,No,Month-to-month,No,Mailed check,45.45,141.7,0.652193016629059,1
6225-VNQSJ,Male,0,No,No,1,No,No phone service,DSL,No,No,No,No,No,Yes,Month-to-month,Yes,Electronic check,35.45,35.45,0.8753836070940957,1
9231-ZJYAM,Female,1,No,No,4,Yes,No,Fiber optic,No,No,No,No,Yes,No,Month-to-month,Yes,Electronic check,78.85,292.8,0.8561839762487051,1
9214-EKVXR,Female,0,No,No,1,Yes,No,DSL,No,No,No,No,No,No,Month-to-month,Yes,Mailed check,44.0,44.0,0.7439670870604306,1
6087-MVHJH,Female,0,No,No,16,Yes,Yes,Fiber optic,No,No,Yes,No,No,Yes,Month-to-month,Yes,Electronic check,88.45,1422.1,0.8256306459345367,1
4690-PKDQG,Female,1,Yes,No,42,Yes,Yes,Fiber optic,No,Yes,Yes,No,Yes,No,Month-to-month,Yes,Electronic check,95.55,3930.6,0.7311688165429139,1
7272-QDCKA,Male,0,No,No,28,Yes,Yes,Fiber optic,No,Yes,No,No,Yes,Yes,One year,No,Electronic check,100.2,2688.45,0.5672568709038572,1
3803-QHPWH,Female,1,Yes,No,29,No,No phone service,DSL,Yes,No,Yes,No,No,Yes,Month-to-month,Yes,Electronic check,45.0,1228.65,0.368285457728508,1
4919-MOAVT,Male,0,No,Yes,3,Yes,No,Fiber optic,No,No,No,No,No,No,Month-to-month,No,Electronic check,69.65,220.1,0.7740176875285424,1
6380-ARCEH,Male,0,No,No,1,Yes,No,No,No internet service,No internet service,No internet service,No internet service,No internet service,No internet service,Month-to-month,No,Mailed check,20.2,20.2,0.5718352987096589,1
3247-MHJKM,Male,0,No,No,1,Yes,No,No,No internet service,No internet service,No internet service,No internet service,No internet service,No internet service,Month-to-month,No,Mailed check,20.2,20.2,0.5718352987096589,1
4187-CINZD,Female,1,No,No,46,Yes,No,Fiber optic,No,Yes,No,No,Yes,Yes,One year,No,Credit card (automatic),95.25,4424.2,0.5205668650489588,1
7126-RBHSD,Female,0,Yes,No,17,Yes,Yes,Fiber optic,Yes,No,No,No,No,No,Month-to-month,No,Electronic check,78.9,1348.95,0.6014964391132835,1
1450-GALXR,Female,0,No,No,10,Yes,Yes,Fiber optic,No,No,No,Yes,Yes,Yes,Month-to-month,Yes,Electronic check,98.5,1058.25,0.8537416296184926,1
0082-OQIQY,Male,0,No,No,29,Yes,No,Fiber optic,No,No,No,Yes,Yes,Yes,Month-to-month,Yes,Electronic check,94.2,2607.6,0.6065071341345408,1
7181-OQCUT,Male,0,No,No,21,Yes,Yes,Fiber optic,Yes,No,Yes,No,Yes,Yes,Month-to-month,No,Mailed check,103.85,2215.0,0.4481325274242308,1
0365-TRTPY,Female,0,No,No,37,Yes,Yes,Fiber optic,Yes,Yes,Yes,No,No,No,Month-to-month,No,Bank transfer (automatic),91.2,3382.3,0.4033426197210248,1
8413-VONUO,Male,0,No,No,2,Yes,No,Fiber optic,No,Yes,No,No,Yes,Yes,Month-to-month,No,Electronic check,95.65,167.3,0.8262558606619267,1
5229-PRWKT,Male,0,No,No,8,Yes,Yes,Fiber optic,No,No,No,No,No,Yes,Month-to-month,Yes,Electronic check,86.55,649.65,0.8638273281605525,1
7044-YAACC,Male,1,Yes,No,4,Yes,No,Fiber optic,No,No,No,No,No,No,Month-to-month,Yes,Electronic check,70.2,280.35,0.770720746247535,1
8065-BVEPF,Male,1,No,No,65,Yes,No,Fiber optic,No,Yes,Yes,No,Yes,Yes,Month-to-month,Yes,Bank transfer (automatic),99.1,6496.15,0.3733312215469404,1
6567-HOOPW,Female,1,No,No,1,Yes,No,Fiber optic,No,No,No,No,Yes,No,Month-to-month,Yes,Electronic check,79.2,79.2,0.9290091930482219,1
4598-XLKNJ,Female,1,Yes,No,25,Yes,No,Fiber optic,No,Yes,Yes,No,Yes,Yes,Month-to-month,Yes,Electronic check,98.5,2514.5,0.747917337999477,1
3440-JPSCL,Female,0,No,No,6,Yes,No,Fiber optic,No,No,Yes,Yes,Yes,Yes,Month-to-month,Yes,Mailed check,99.95,547.65,0.8241316912837948,1
4030-VPZBD,Female,0,No,No,2,No,No phone service,DSL,No,No,No,Yes,No,No,Month-to-month,Yes,Electronic check,30.9,59.05,0.795369891938091,1
0463-ZSDNT,Male,0,No,No,10,Yes,No,DSL,No,No,No,No,No,Yes,Month-to-month,Yes,Bank transfer (automatic),56.75,503.25,0.4648004299232937,1
6175-IRFIT,Male,0,No,No,5,Yes,No,Fiber optic,No,No,No,No,No,Yes,Month-to-month,No,Mailed check,78.75,426.35,0.6039071325437874,1
1432-FPAXX,Female,0,No,No,29,No,No phone service,DSL,No,Yes,No,No,No,No,Month-to-month,Yes,Electronic check,30.6,856.35,0.35090799783019855,1
6483-OATDN,Male,0,Yes,Yes,8,Yes,No,DSL,Yes,No,No,No,No,No,Month-to-month,Yes,Credit card (automatic),51.3,411.6,0.3514385147859808,1
9415-DPEWS,Female,0,No,No,18,Yes,Yes,Fiber optic,No,No,No,Yes,Yes,No,Month-to-month,Yes,Electronic check,88.35,1639.3,0.7903780098528472,1
4450-DLLMH,Male,0,No,No,2,Yes,No,Fiber optic,No,No,No,No,No,No,Month-to-month,Yes,Credit card (automatic),71.3,157.75,0.738633140779137,1
1465-LNTLJ,Male,1,Yes,No,8,Yes,No,DSL,No,No,Yes,Yes,No,Yes,Month-to-month,Yes,Credit card (automatic),64.4,581.7,0.3347429217314912,1
2371-JQHZZ,Male,0,Yes,No,24,Yes,Yes,Fiber optic,No,No,No,No,Yes,Yes,Month-to-month,Yes,Electronic check,93.0,2248.05,0.779340842471838,1
9578-VRMNM,Female,0,No,No,16,Yes,Yes,DSL,No,No,Yes,No,No,Yes,Month-to-month,Yes,Credit card (automatic),65.2,1043.35,0.5103801682001768,1
0107-YHINA,Male,0,No,Yes,1,Yes,Yes,Fiber optic,No,No,Yes,No,Yes,Yes,Month-to-month,Yes,Electronic check,99.75,99.75,0.8775700020255485,1
7615-ESMYF,Female,0,Yes,No,2,No,No phone service,DSL,No,No,No,No,Yes,Yes,Month-to-month,No,Electronic check,44.6,97.1,0.8108341873547947,1
6986-IXNDM,Male,0,No,No,14,Yes,No,Fiber optic,No,No,No,No,Yes,Yes,Month-to-month,Yes,Electronic check,92.9,1337.45,0.7960600538897238,1
5129-JLPIS,Male,0,No,No,25,Yes,No,Fiber optic,Yes,No,Yes,Yes,Yes,Yes,Month-to-month,Yes,Electronic check,105.5,2686.05,0.5187325693108568,1
0823-HSCDJ,Male,1,No,No,52,No,No phone service,DSL,No,Yes,No,No,Yes,Yes,Month-to-month,Yes,Electronic check,49.15,2550.9,0.5960149082368338,1
8050-WYBND,Female,0,No,Yes,22,No,No phone service,DSL,No,No,Yes,No,Yes,Yes,One year,Yes,Credit card (automatic),49.45,1031.4,0.4885242890510893,1
1216-BGTSP,Male,0,No,No,45,Yes,Yes,Fiber optic,Yes,No,Yes,Yes,Yes,Yes,Month-to-month,Yes,Credit card (automatic),108.45,4964.7,0.4033299518314923,1
0327-WFZSY,Male,0,Yes,Yes,39,Yes,Yes,Fiber optic,No,No,Yes,No,Yes,Yes,One year,No,Electronic check,100.0,3835.55,0.3947400112885117,1
7442-YGZFK,Male,0,No,No,1,Yes,Yes,DSL,No,No,No,No,No,No,Month-to-month,Yes,Credit card (automatic),49.8,49.8,0.698108742699886,1
3258-SANFR,Male,1,No,No,6,Yes,No,DSL,No,No,No,No,No,No,Month-to-month,No,Credit card (automatic),44.7,276.5,0.47425667319142895,1
8884-ADFVN,Male,1,Yes,No,7,Yes,Yes,Fiber optic,No,No,Yes,No,Yes,Yes,Month-to-month,Yes,Electronic check,101.95,700.85,0.9164406470280357,1
8840-DQLGN,Female,1,Yes,No,35,Yes,Yes,Fiber optic,Yes,Yes,No,Yes,Yes,No,Month-to-month,Yes,Bank transfer (automatic),100.5,3653.35,0.6440787023247178,1
4597-NUCQV,Male,1,No,No,24,Yes,Yes,Fiber optic,No,Yes,No,No,Yes,Yes,Month-to-month,Yes,Electronic check,101.25,2440.15,0.8347951302406674,1
4003-FUSHP,Male,0,No,No,19,Yes,No,DSL,No,No,No,Yes,Yes,No,Month-to-month,Yes,Credit card (automatic),61.55,1093.2,0.335523969695412,1
6821-JPCDC,Female,0,Yes,No,48,Yes,No,Fiber optic,No,Yes,Yes,No,Yes,Yes,One year,Yes,Electronic check,97.05,4692.95,0.3447106066841342,1
5928-QLDHB,Male,0,No,No,9,Yes,Yes,Fiber optic,No,No,No,No,No,No,Month-to-month,Yes,Electronic check,76.25,684.85,0.7990985516716025,1
4819-HJPIW,Male,0,No,No,18,No,No phone service,DSL,No,No,No,No,No,No,Month-to-month,No,Mailed check,25.15,476.8,0.32859137996533927,1
9565-DJPIB,Female,0,No,Yes,4,Yes,Yes,Fiber optic,No,Yes,No,No,Yes,No,Month-to-month,No,Mailed check,89.6,365.65,0.8489235481900415,1
7801-KICAO,Female,0,No,No,18,Yes,Yes,Fiber optic,No,No,No,No,No,No,Month-to-month,Yes,Electronic check,74.15,1345.75,0.6637780608261327,1
4462-CYWMH,Male,1,Yes,No,62,Yes,Yes,Fiber optic,No,Yes,No,No,No,Yes,Month-to-month,Yes,Bank transfer (automatic),89.8,5629.55,0.34572347224173394,1
1663-MHLHE,Male,0,No,No,1,Yes,No,No,No internet service,No internet service,No internet service,No internet service,No internet service,No internet service,Month-to-month,No,Mailed check,19.2,19.2,0.5485743333715805,1
2792-LSHWX,Female,0,No,No,1,Yes,No,Fiber optic,Yes,Yes,No,Yes,No,No,Month-to-month,Yes,Mailed check,83.4,83.4,0.5354265072772004,1
8104-OSKWT,Female,0,No,No,12,Yes,Yes,Fiber optic,Yes,No,No,No,No,No,Month-to-month,Yes,Electronic check,79.8,1001.2,0.7057209592785001,1
6304-IJFSQ,Male,0,No,No,3,Yes,No,DSL,No,Yes,No,No,No,No,Month-to-month,Yes,Mailed check,49.9,130.1,0.7015279577954324,1
3841-CONLJ,Female,0,Yes,No,1,No,No phone service,DSL,No,No,No,No,No,Yes,Month-to-month,No,Electronic check,35.0,35.0,0.81062888381828,1
1980-KXVPM,Female,1,No,No,3,Yes,Yes,Fiber optic,No,No,No,No,No,No,Month-to-month,Yes,Credit card (automatic),75.05,256.25,0.8846688482667271,1
6328-ZPBGN,Female,1,No,No,11,Yes,Yes,Fiber optic,No,No,No,No,Yes,Yes,Month-to-month,Yes,Bank transfer (automatic),95.15,997.65,0.8553064258691372,1
9450-TRJUU,Male,0,No,No,35,Yes,Yes,Fiber optic,No,No,No,No,Yes,No,Month-to-month,No,Electronic check,83.15,2848.45,0.6027999107900606,1
5561-NWEVX,Female,1,Yes,No,2,Yes,Yes,Fiber optic,No,No,Yes,No,No,No,Month-to-month,No,Electronic check,79.2,172.85,0.8362369105131102,1
5198-EFNBM,Male,1,Yes,No,57,Yes,No,Fiber optic,No,Yes,Yes,No,Yes,No,One year,Yes,Electronic check,90.65,5199.8,0.31262999507120237,1
3422-GALYP,Male,0,No,No,2,Yes,Yes,Fiber optic,No,Yes,No,No,No,No,Month-to-month,Yes,Electronic check,79.45,145.15,0.8413801604205383,1
0461-CVKMU,Female,0,Yes,Yes,23,Yes,No,Fiber optic,No,Yes,Yes,Yes,No,No,Month-to-month,No,Electronic check,83.8,1900.25,0.563521637117703,1
2024-BASKD,Female,0,No,No,1,Yes,No,Fiber optic,No,No,Yes,No,No,No,Month-to-month,Yes,Mailed check,74.6,74.6,0.9171933390676069,1
0277-BKSQP,Male,0,Yes,Yes,8,Yes,No,DSL,No,No,No,No,Yes,No,Month-to-month,Yes,Electronic check,54.4,475.1,0.48360963832272746,1
2153-MREFK,Female,0,Yes,No,37,Yes,Yes,Fiber optic,Yes,No,Yes,Yes,No,Yes,One year,Yes,Electronic check,99.2,3754.6,0.531276490748944,1
3071-VBYPO,Male,0,Yes,Yes,3,Yes,No,Fiber optic,Yes,Yes,No,No,Yes,No,Month-to-month,No,Electronic check,89.85,248.4,0.557486233729203,1
9824-BEMCV,Male,0,Yes,Yes,17,Yes,No,Fiber optic,No,No,No,No,No,No,Month-to-month,Yes,Electronic check,69.0,1149.65,0.7207803972651348,1
7298-IZWLY,Female,0,No,No,1,Yes,No,No,No internet service,No internet service,No internet service,No internet service,No internet service,No internet service,Month-to-month,Yes,Mailed check,19.4,19.4,0.5767674307145046,1
4391-LNRXK,Male,0,No,No,22,Yes,No,Fiber optic,No,Yes,Yes,Yes,No,Yes,Month-to-month,Yes,Bank transfer (automatic),94.95,2142.8,0.4236390184443906,1
2962-XPMCQ,Male,0,No,No,2,Yes,No,DSL,No,No,No,No,No,No,Month-to-month,Yes,Electronic check,45.15,98.5,0.8146547736684836,1
0141-YEAYS,Female,1,No,No,27,Yes,Yes,Fiber optic,No,Yes,Yes,No,No,No,Month-to-month,Yes,Bank transfer (automatic),86.45,2401.05,0.6382125126919991,1
4750-ZRXIU,Female,1,No,No,4,Yes,Yes,Fiber optic,No,No,No,No,No,Yes,Month-to-month,Yes,Electronic check,84.6,360.1,0.8833753807075303,1
3692-JHONH,Female,1,Yes,No,52,Yes,Yes,Fiber optic,No,Yes,Yes,No,Yes,Yes,One year,Yes,Electronic check,106.5,5621.85,0.4985588192940426,1
0621-HJWXJ,Female,0,Yes,No,63,Yes,Yes,Fiber optic,No,Yes,No,No,No,No,Month-to-month,Yes,Bank transfer (automatic),81.55,5029.05,0.3065154136063631,1
4195-NZGTA,Female,0,No,No,1,No,No phone service,DSL,No,No,No,No,No,No,Month-to-month,No,Electronic check,25.25,25.25,0.848492878528123,1
5133-VRSAB,Male,0,No,No,8,No,No phone service,DSL,Yes,No,No,No,No,No,Month-to-month,No,Mailed check,29.35,216.45,0.4899927293463696,1
6650-VJONK,Male,0,No,No,1,Yes,No,DSL,No,No,No,No,No,No,Month-to-month,Yes,Bank transfer (automatic),43.85,43.85,0.7448221083289542,1
0650-BWOZN,Female,1,No,No,18,Yes,No,Fiber optic,No,Yes,No,No,No,No,Month-to-month,Yes,Electronic check,73.55,1359.45,0.5871567695615042,1
9644-UMGQA,Male,0,Yes,Yes,6,Yes,No,DSL,Yes,No,No,No,No,No,Month-to-month,Yes,Electronic check,49.15,295.65,0.5454961600660088,1
6845-RGTYS,Female,0,Yes,No,47,Yes,Yes,Fiber optic,Yes,Yes,Yes,No,Yes,No,Month-to-month,Yes,Electronic check,98.75,4533.7,0.6539113874288384,1
8380-PEFPE,Male,0,No,Yes,1,Yes,No,Fiber optic,No,No,No,No,No,No,Month-to-month,Yes,Electronic check,71.65,71.65,0.9198089728599576,1
9391-YZEJW,Female,0,No,No,62,Yes,Yes,Fiber optic,No,No,No,No,Yes,Yes,One year,Yes,Bank transfer (automatic),94.0,5757.2,0.4150977301365852,1
3043-TYBNO,Male,0,No,No,3,Yes,No,DSL,No,No,No,Yes,No,Yes,Month-to-month,No,Mailed check,60.65,196.9,0.44861751354545476,1
8353-CFNVI,Male,0,No,No,43,Yes,Yes,Fiber optic,No,No,No,Yes,Yes,Yes,One year,Yes,Electronic check,100.0,4211.55,0.4271387329137106,1
3838-OZURD,Male,0,Yes,No,66,Yes,Yes,Fiber optic,No,Yes,Yes,No,Yes,Yes,Month-to-month,Yes,Credit card (automatic),105.0,7133.25,0.4916058306411663,1
7969-AULMZ,Female,0,No,No,21,Yes,Yes,Fiber optic,No,No,No,No,Yes,Yes,Month-to-month,Yes,Electronic check,97.35,2119.5,0.8353989323394455,1
0067-DKWBL,Male,1,No,No,2,Yes,No,DSL,Yes,No,No,No,No,No,Month-to-month,Yes,Electronic check,49.25,91.1,0.8236234286573643,1
1450-SKCVI,Female,0,No,No,56,Yes,No,Fiber optic,No,Yes,No,No,No,No,Month-to-month,Yes,Electronic check,73.85,4092.85,0.46447308893046224,1
7018-WBJNK,Male,0,No,Yes,13,Yes,No,Fiber optic,No,No,No,No,Yes,No,Month-to-month,Yes,Credit card (automatic),78.3,1033.95,0.5966707498204508,1
6352-TWCAU,Female,0,No,No,35,Yes,Yes,Fiber optic,No,No,No,No,Yes,No,Month-to-month,Yes,Electronic check,86.45,3029.1,0.7799934080952374,1
2955-BJZHG,Male,0,Yes,Yes,17,Yes,No,Fiber optic,No,No,No,No,Yes,No,Month-to-month,No,Electronic check,80.85,1400.85,0.7436756435959859,1
9419-IPPBE,Female,0,Yes,Yes,51,Yes,Yes,Fiber optic,No,No,Yes,No,No,Yes,One year,Yes,Electronic check,90.15,4554.85,0.36896191197286093,1
2911-UREFD,Female,0,Yes,No,39,No,No phone service,DSL,Yes,No,Yes,No,Yes,Yes,Month-to-month,No,Electronic check,55.9,2184.35,0.431977033656775,1
2774-LVQUS,Female,1,Yes,No,15,Yes,Yes,Fiber optic,No,No,Yes,Yes,No,No,Month-to-month,Yes,Electronic check,83.05,1258.3,0.7627296673633798,1
3097-NQYSN,Male,1,Yes,No,2,Yes,Yes,Fiber optic,No,No,No,No,Yes,No,Month-to-month,Yes,Mailed check,86.85,156.35,0.879423722923932,1
6993-OHLXR,Female,0,No,No,2,Yes,No,Fiber optic,No,No,No,No,No,No,Month-to-month,No,Electronic check,68.95,119.75,0.7918144632585076,1
4817-VYYWS,Female,0,No,No,30,Yes,Yes,Fiber optic,No,Yes,No,No,Yes,Yes,Month-to-month,Yes,Electronic check,100.2,2983.8,0.8022865698349445,1
2692-BUCFV,Male,1,No,No,29,Yes,No,Fiber optic,No,Yes,Yes,No,Yes,Yes,Month-to-month,Yes,Bank transfer (automatic),101.45,2948.6,0.5892664197913715,1
3727-RJMEO,Male,0,Yes,No,6,Yes,Yes,Fiber optic,No,No,No,No,Yes,No,Month-to-month,Yes,Electronic check,82.85,460.25,0.8648034170477061,1
2232-DMLXU,Female,0,Yes,No,1,Yes,No,DSL,No,No,No,No,Yes,No,Month-to-month,No,Mailed check,55.2,55.2,0.6851636581585108,1
8685-WHQPW,Female,1,No,No,22,Yes,Yes,Fiber optic,No,No,No,No,No,No,Month-to-month,Yes,Bank transfer (automatic),74.4,1692.6,0.6528832105142688,1
7517-LDMPS,Female,0,No,No,12,Yes,No,Fiber optic,No,Yes,No,No,No,Yes,Month-to-month,Yes,Electronic check,84.6,1017.35,0.7440632721377782,1
6591-QGOYB,Male,0,No,No,17,Yes,Yes,Fiber optic,Yes,Yes,Yes,Yes,Yes,No,Month-to-month,Yes,Bank transfer (automatic),106.65,1672.1,0.49096755404888953,1
1399-UBQIU,Male,0,No,No,11,Yes,No,DSL,No,No,Yes,No,Yes,Yes,Month-to-month,Yes,Electronic check,69.35,712.25,0.5464049197743397,1
2446-BEGGB,Female,1,No,No,6,Yes,Yes,Fiber optic,No,Yes,No,No,Yes,Yes,Month-to-month,Yes,Electronic check,98.25,560.6,0.9085511233682603,1
4138-NAXED,Male,0,No,No,51,Yes,Yes,Fiber optic,No,Yes,No,No,No,No,Month-to-month,No,Bank transfer (automatic),81.0,4085.75,0.4386342568247668,1
6215-NQCPY,Male,0,No,No,15,Yes,Yes,Fiber optic,Yes,No,No,No,Yes,Yes,Month-to-month,Yes,Electronic check,99.7,1566.75,0.8062638149918457,1
9391-EOYLI,Male,1,Yes,No,12,Yes,No,Fiber optic,No,No,No,No,No,Yes,Month-to-month,Yes,Electronic check,80.45,950.2,0.8042495356243203,1
3348-CFRNX,Female,0,Yes,No,28,Yes,No,Fiber optic,Yes,No,No,No,Yes,Yes,Month-to-month,Yes,Mailed check,92.35,2602.9,0.6161240554280799,1
1658-BYGOY,Male,1,No,No,18,Yes,Yes,Fiber optic,No,No,No,No,Yes,Yes,Month-to-month,Yes,Electronic check,95.45,1752.55,0.8546995904779315,1
2157-MXBJS,Male,0,Yes,No,13,Yes,Yes,DSL,No,No,Yes,No,Yes,Yes,One year,Yes,Mailed check,75.3,989.45,0.5394625823126538,1
6179-GJPSO,Female,1,No,No,43,Yes,No,Fiber optic,Yes,Yes,No,Yes,Yes,Yes,Month-to-month,Yes,Credit card (automatic),108.15,4600.7,0.597283380682938,1
3217-FZDMN,Female,1,No,No,8,Yes,No,Fiber optic,No,No,Yes,No,Yes,Yes,Month-to-month,Yes,Credit card (automatic),94.45,742.95,0.8560583720301536,1
0725-CXOTM,Female,0,No,No,36,Yes,Yes,DSL,Yes,No,Yes,Yes,Yes,Yes,One year,Yes,Credit card (automatic),89.65,3348.1,0.33408630848499776,1
3721-CNEYS,Female,0,No,No,2,Yes,No,Fiber optic,No,No,No,No,No,No,Month-to-month,Yes,Electronic check,70.95,137.95,0.8444263324324414,1
8393-JMVMB,Male,0,No,No,1,Yes,No,No,No internet service,No internet service,No internet service,No internet service,No internet service,No internet service,Month-to-month,No,Mailed check,19.45,19.45,0.560176693713068,1
1112-CUNAO,Female,1,No,No,15,Yes,Yes,Fiber optic,No,Yes,No,No,No,Yes,Month-to-month,No,Electronic check,89.85,1424.95,0.7775765231004423,1
3584-WKTTW,Male,0,Yes,No,51,Yes,Yes,Fiber optic,Yes,No,Yes,Yes,Yes,Yes,One year,Yes,Electronic check,111.55,5720.35,0.33309926004090457,1
1849-RJYIG,Female,0,No,No,8,Yes,No,DSL,Yes,No,No,No,Yes,No,Month-to-month,Yes,Electronic check,60.0,487.75,0.5149461244965315,1
2683-BPJSO,Male,0,Yes,No,29,Yes,Yes,Fiber optic,Yes,Yes,No,No,No,No,Month-to-month,Yes,Electronic check,84.45,2467.1,0.6419320202620679,1
5597-GLBUC,Female,0,No,No,1,Yes,No,Fiber optic,No,No,Yes,No,Yes,No,Month-to-month,Yes,Electronic check,85.45,85.45,0.9314661815846277,1
5243-NIEIT,Male,0,Yes,No,14,Yes,Yes,Fiber optic,No,No,No,No,No,Yes,Month-to-month,Yes,Electronic check,85.15,1139.2,0.8463955189933005,1
1442-BQPVU,Female,0,No,No,13,No,No phone service,DSL,No,Yes,No,No,No,No,Month-to-month,No,Electronic check,29.15,357.15,0.34400421450241375,1
5167-GBFRE,Male,1,No,No,4,No,No phone service,DSL,No,No,No,No,No,No,Month-to-month,Yes,Bank transfer (automatic),25.2,102.5,0.8069675119967303,1
9050-QLROH,Male,0,No,No,18,Yes,Yes,Fiber optic,No,No,Yes,No,No,Yes,Month-to-month,Yes,Credit card (automatic),90.7,1597.25,0.6476518815581747,1
0280-XJGEX,Male,0,No,No,49,Yes,Yes,Fiber optic,No,Yes,Yes,No,Yes,Yes,Month-to-month,Yes,Bank transfer (automatic),103.7,5036.3,0.607249072239236,1
6507-ZJSUR,Male,1,Yes,No,23,Yes,No,Fiber optic,No,No,No,No,Yes,Yes,Month-to-month,Yes,Electronic check,90.45,2117.25,0.6952034398750636,1
5442-XSDCW,Male,0,Yes,Yes,11,Yes,No,Fiber optic,No,No,No,No,Yes,No,Month-to-month,Yes,Bank transfer (automatic),79.5,868.5,0.7736380811220944,1
6923-EFPNL,Male,0,No,No,4,Yes,Yes,DSL,No,No,No,No,No,No,Month-to-month,No,Credit card (automatic),51.75,201.1,0.6525428701183773,1
4424-TKOPW,Male,1,No,No,2,Yes,Yes,Fiber optic,No,No,No,No,Yes,Yes,Month-to-month,Yes,Electronic check,93.85,196.75,0.914319394193775,1
0265-PSUAE,Female,0,Yes,Yes,16,Yes,No,Fiber optic,Yes,No,Yes,No,Yes,Yes,Month-to-month,No,Bank transfer (automatic),100.7,1522.7,0.5836871713747644,1
1475-VWVDO,Male,0,No,No,7,Yes,No,Fiber optic,No,No,Yes,No,No,No,Month-to-month,Yes,Electronic check,74.9,490.55,0.7421158970782341,1
6286-SUUWT,Male,0,No,No,1,Yes,No,No,No internet service,No internet service,No internet service,No internet service,No internet service,No internet service,Month-to-month,No,Mailed check,19.95,19.95,0.5812982679411174,1
6050-IJRHS,Female,0,Yes,Yes,70,Yes,Yes,Fiber optic,No,Yes,Yes,No,Yes,Yes,One year,Yes,Electronic check,106.5,7397.0,0.4086815015654806,1
9631-XEYKE,Male,0,No,No,3,Yes,Yes,DSL,No,No,No,No,No,No,Month-to-month,No,Bank transfer (automatic),50.4,137.25,0.6851444413157943,1
8229-MYEJZ,Female,0,No,No,10,Yes,No,DSL,No,Yes,No,No,No,No,Month-to-month,No,Electronic check,51.2,498.25,0.38439443801862255,1
9767-FFLEM,Male,0,No,No,38,Yes,No,Fiber optic,No,No,No,No,No,No,Month-to-month,Yes,Credit card (automatic),69.5,2625.25,0.43626220860841597,1
2223-KAGMX,Female,0,No,No,15,Yes,No,No,No internet service,No internet service,No internet service,No internet service,No internet service,No internet service,Month-to-month,No,Bank transfer (automatic),19.4,289.3,0.4465080399036716,1
5186-SAMNZ,Male,1,No,No,1,Yes,No,Fiber optic,No,No,No,No,No,No,Month-to-month,Yes,Bank transfer (automatic),69.5,69.5,0.8561150508430931,1
3058-HJCUY,Male,0,Yes,Yes,41,Yes,Yes,Fiber optic,No,No,Yes,Yes,Yes,Yes,One year,Yes,Electronic check,102.6,4213.35,0.6073756423002163,1
6022-UGGSO,Female,1,No,No,32,Yes,No,Fiber optic,No,Yes,No,No,No,No,Month-to-month,Yes,Electronic check,74.4,2276.95,0.7048517258477172,1
4395-PZMSN,Male,1,No,No,5,Yes,No,Fiber optic,No,Yes,No,No,No,Yes,Month-to-month,Yes,Electronic check,85.55,408.5,0.8179879115739276,1
5804-LEPIM,Female,1,No,No,2,Yes,No,Fiber optic,No,No,No,No,No,No,Month-to-month,Yes,Electronic check,70.35,139.05,0.8509987108736955,1
5519-YLDGW,Female,0,Yes,No,21,Yes,Yes,Fiber optic,Yes,No,Yes,No,Yes,Yes,Month-to-month,Yes,Electronic check,103.9,2254.2,0.8072059095114704,1
1062-LHZOD,Male,0,Yes,Yes,1,Yes,No,Fiber optic,No,No,No,No,No,No,Month-to-month,Yes,Mailed check,69.9,69.9,0.8670938000941285,1
8327-LZKAS,Female,1,Yes,No,43,Yes,Yes,Fiber optic,No,No,Yes,Yes,Yes,Yes,One year,Yes,Electronic check,107.55,4533.9,0.5911608261142483,1
7067-KSAZT,Female,1,Yes,No,65,Yes,Yes,Fiber optic,No,Yes,Yes,No,Yes,Yes,One year,Yes,Electronic check,106.25,6979.8,0.5468541685176629,1
2293-IJWPS,Female,0,Yes,No,57,Yes,Yes,Fiber optic,No,No,Yes,No,Yes,Yes,One year,Yes,Credit card (automatic),100.75,5985.0,0.46752392049134994,1
5154-VEKBL,Female,0,No,No,9,No,No phone service,DSL,Yes,No,Yes,Yes,Yes,Yes,Month-to-month,No,Mailed check,58.5,539.85,0.5210824283855547,1
1867-BDVFH,Male,0,Yes,Yes,11,Yes,Yes,Fiber optic,No,No,No,No,No,No,Month-to-month,Yes,Electronic check,74.35,834.2,0.8297792005640047,1
5956-VKDTT,Female,1,Yes,No,5,Yes,Yes,Fiber optic,No,No,No,No,No,No,Month-to-month,Yes,Electronic check,74.35,334.8,0.8045550780312619,1
7248-VZQLC,Female,1,No,No,47,Yes,Yes,Fiber optic,No,Yes,Yes,No,No,No,Month-to-month,Yes,Bank transfer (automatic),85.2,3969.35,0.6124964142757886,1
0836-SEYLU,Male,0,Yes,No,9,No,No phone service,DSL,No,No,No,Yes,Yes,No,Month-to-month,No,Mailed check,40.65,328.95,0.5193963372578617,1
1513-XNPPH,Female,0,No,No,12,Yes,No,Fiber optic,No,No,Yes,Yes,No,Yes,Month-to-month,Yes,Electronic check,89.4,1095.65,0.7025756583078198,1
2067-QYTCF,Female,0,Yes,No,64,Yes,Yes,Fiber optic,No,Yes,Yes,Yes,Yes,Yes,Month-to-month,Yes,Electronic check,111.15,6953.4,0.38377951099543395,1
3106-ULWFW,Female,0,Yes,No,8,Yes,Yes,Fiber optic,No,No,No,No,No,Yes,Month-to-month,Yes,Credit card (automatic),85.2,627.4,0.8546870042214806,1
9717-WXVSB,Male,0,No,No,1,Yes,No,No,No internet service,No internet service,No internet service,No internet service,No internet service,No internet service,Month-to-month,No,Mailed check,18.9,18.9,0.4956236031643178,1
6719-OXYBR,Male,0,No,No,15,Yes,No,Fiber optic,No,No,Yes,No,Yes,No,Month-to-month,No,Electronic check,85.3,1219.85,0.6829680617414052,1
5307-DZCVC,Female,1,Yes,No,32,Yes,Yes,Fiber optic,No,No,No,No,Yes,No,Month-to-month,Yes,Credit card (automatic),85.95,2628.6,0.6835837762329824,1
2575-EAMDV,Female,0,No,No,35,Yes,No,Fiber optic,No,No,Yes,Yes,Yes,Yes,One year,Yes,Electronic check,99.25,3532.0,0.49752471363052847,1
8938-UMKPI,Female,0,No,No,47,Yes,Yes,Fiber optic,No,Yes,Yes,No,Yes,Yes,Month-to-month,Yes,Electronic check,106.4,5127.95,0.6613425106564431,1
9061-TIHDA,Male,1,Yes,No,13,Yes,Yes,Fiber optic,No,No,No,No,Yes,Yes,Month-to-month,Yes,Electronic check,95.25,1233.65,0.8857284571890007,1
2369-FEVNO,Male,0,No,No,1,Yes,No,No,No internet service,No internet service,No internet service,No internet service,No internet service,No internet service,Month-to-month,Yes,Mailed check,19.9,19.9,0.5611995713522788,1
2716-GFZOR,Male,0,Yes,No,43,Yes,No,Fiber optic,Yes,Yes,Yes,No,No,No,Month-to-month,Yes,Credit card (automatic),86.1,3551.65,0.36538147037601787,1
0575-CUQOV,Male,1,Yes,No,60,Yes,No,Fiber optic,No,Yes,Yes,No,Yes,Yes,One year,Yes,Electronic check,97.95,5867.0,0.4261405102497472,1
4007-NHVHI,Female,1,No,No,56,Yes,Yes,Fiber optic,Yes,Yes,No,No,No,Yes,Month-to-month,Yes,Electronic check,96.85,5219.65,0.40694460474291544,1
2866-IKBTM,Female,0,No,No,1,Yes,No,No,No internet service,No internet service,No internet service,No internet service,No internet service,No internet service,Month-to-month,No,Mailed check,19.55,19.55,0.544066829260012,1
1907-YLNYW,Male,0,No,No,8,Yes,No,DSL,Yes,No,Yes,No,No,Yes,Month-to-month,Yes,Electronic check,66.7,579.0,0.3570604407429361,1
4086-YQSNZ,Female,1,Yes,No,3,Yes,No,Fiber optic,No,No,No,No,Yes,No,Month-to-month,Yes,Electronic check,80.4,224.05,0.8571089041189591,1
9947-OTFQU,Male,1,No,No,15,Yes,No,Fiber optic,No,Yes,No,No,No,No,Month-to-month,Yes,Electronic check,74.4,1074.3,0.770553555618077,1
7176-WIONM,Female,0,Yes,No,12,No,No phone service,DSL,No,No,Yes,No,Yes,Yes,Month-to-month,Yes,Bank transfer (automatic),49.85,617.15,0.5428358426407177,1
9725-SCPZG,Male,0,No,Yes,1,Yes,No,Fiber optic,No,No,No,No,Yes,Yes,Month-to-month,Yes,Electronic check,90.85,90.85,0.8577553938330911,1
2951-QOQTK,Male,0,No,Yes,4,Yes,Yes,Fiber optic,No,No,No,Yes,No,No,Month-to-month,No,Credit card (automatic),80.8,332.45,0.7755174872674141,1
9647-ERGBE,Female,0,Yes,Yes,30,Yes,Yes,Fiber optic,No,No,Yes,No,Yes,Yes,Month-to-month,Yes,Electronic check,100.05,3046.15,0.801511246726985,1
7503-QQRVF,Male,1,Yes,No,16,Yes,No,Fiber optic,No,Yes,No,No,No,No,Month-to-month,Yes,Credit card (automatic),74.3,1178.25,0.701072897789908,1
0754-UKWQP,Male,0,No,No,2,Yes,No,Fiber optic,No,No,Yes,No,Yes,Yes,Month-to-month,Yes,Electronic check,95.85,197.7,0.8843920719553416,1
5570-PTWEH,Female,0,Yes,No,3,Yes,Yes,Fiber optic,No,No,No,No,No,No,Month-to-month,Yes,Credit card (automatic),75.15,216.75,0.8655879013286139,1
3509-GWQGF,Male,1,No,No,24,Yes,No,Fiber optic,No,No,No,No,No,No,Month-to-month,No,Credit card (automatic),70.0,1732.6,0.3313466995594137,1
2000-MPKCA,Female,0,No,No,58,Yes,Yes,Fiber optic,Yes,Yes,Yes,No,Yes,Yes,One year,Yes,Electronic check,107.75,6332.75,0.41547361810014105,1
4806-HIPDW,Female,0,Yes,No,1,Yes,No,Fiber optic,No,No,No,No,No,No,Month-to-month,Yes,Electronic check,68.95,68.95,0.9149953470159253,1
2475-MROZF,Male,0,No,No,30,Yes,Yes,Fiber optic,Yes,Yes,Yes,Yes,No,No,Month-to-month,Yes,Credit card (automatic),95.0,2852.4,0.3887936150463103,1
6207-WIOLX,Female,0,Yes,Yes,25,No,No phone service,DSL,Yes,Yes,Yes,No,Yes,Yes,Month-to-month,Yes,Credit card (automatic),58.6,1502.65,0.4259636309310597,1
0673-IGUQO,Male,0,No,No,1,Yes,No,No,No internet service,No internet service,No internet service,No internet service,No internet service,No internet service,Month-to-month,No,Mailed check,20.45,20.45,0.570206134372985,1
4801-JZAZL,Female,0,Yes,Yes,11,No,No phone service,DSL,Yes,No,No,No,No,No,Month-to-month,Yes,Electronic check,29.6,346.45,0.38103711479462293,1
3426-NIYYL,Male,0,No,No,15,Yes,Yes,DSL,No,No,No,No,No,No,Month-to-month,No,Electronic check,51.55,765.5,0.5144993132855128,1
8289-DXCFQ,Female,0,No,No,1,Yes,Yes,DSL,No,No,No,No,No,No,Month-to-month,Yes,Mailed check,50.1,50.1,0.8089844658691022,1
7321-VGNKU,Female,0,Yes,No,2,Yes,No,Fiber optic,No,No,No,No,No,No,Month-to-month,Yes,Electronic check,70.35,120.25,0.7603229007148308,1
7530-HDYDS,Female,0,No,No,38,Yes,No,Fiber optic,No,Yes,Yes,Yes,No,No,Month-to-month,Yes,Credit card (automatic),84.25,3264.5,0.4967935768941545,1
6771-XWBDM,Female,0,Yes,No,57,Yes,Yes,Fiber optic,No,Yes,Yes,No,Yes,Yes,Month-to-month,Yes,Credit card (automatic),104.5,5921.35,0.5360971756834999,1
0369-ZGOVK,Female,0,Yes,Yes,28,Yes,No,Fiber optic,No,No,No,No,No,No,One year,Yes,Bank transfer (automatic),70.4,1992.2,0.33393986693748373,1
3030-YDNRM,Male,0,No,No,8,Yes,Yes,Fiber optic,No,No,No,No,No,No,Month-to-month,Yes,Electronic check,74.85,572.45,0.8030396312401291,1
2240-HSJQD,Male,0,No,Yes,38,Yes,Yes,Fiber optic,No,Yes,No,No,No,No,Month-to-month,Yes,Mailed check,81.85,3141.7,0.5292805399054628,1
7446-YPODE,Male,1,No,No,11,Yes,Yes,DSL,Yes,Yes,No,No,No,No,Month-to-month,No,Bank transfer (automatic),60.25,662.95,0.3223819471531387,1
5233-AOZUF,Female,0,Yes,No,29,Yes,Yes,Fiber optic,No,No,No,No,No,No,Month-to-month,Yes,Electronic check,74.95,2149.05,0.7577878793083186,1
4547-KQRTM,Female,0,No,No,10,Yes,Yes,Fiber optic,No,Yes,No,No,No,No,Month-to-month,Yes,Bank transfer (automatic),80.05,830.7,0.8324187310840461,1
9364-HVJRK,Male,0,No,No,8,Yes,No,DSL,No,No,No,No,No,No,Month-to-month,Yes,Mailed check,45.15,438.4,0.4942227572738948,1
0021-IKXGC,Female,1,No,No,1,Yes,Yes,Fiber optic,No,No,No,No,No,No,Month-to-month,Yes,Electronic check,72.1,72.1,0.871312907825565,1
8705-WZCYL,Male,0,No,No,1,Yes,No,DSL,No,No,No,No,No,No,Month-to-month,Yes,Electronic check,44.8,44.8,0.8178457472075419,1
6637-KYRCV,Female,0,Yes,Yes,5,No,No phone service,DSL,No,Yes,No,No,No,No,Month-to-month,Yes,Electronic check,30.5,167.2,0.6042883607288108,1
1536-HBSWP,Female,0,No,No,1,Yes,No,DSL,No,No,No,Yes,No,No,Month-to-month,Yes,Electronic check,49.9,49.9,0.8222248560630148,1
3537-HPKQT,Female,0,Yes,No,55,Yes,Yes,Fiber optic,No,Yes,No,No,No,No,Month-to-month,Yes,Credit card (automatic),77.75,4266.4,0.385886697617086,1
2081-KJSQF,Male,0,No,No,1,Yes,No,No,No internet service,No internet service,No internet service,No internet service,No internet service,No internet service,Month-to-month,Yes,Mailed check,20.25,20.25,0.5016787253689745,1
0772-GYEQQ,Male,0,No,No,3,Yes,No,Fiber optic,No,No,Yes,Yes,Yes,No,Month-to-month,Yes,Mailed check,88.35,262.05,0.7990951363406172,1
2929-ERCFZ,Female,0,Yes,Yes,8,Yes,No,Fiber optic,No,No,Yes,No,Yes,Yes,Month-to-month,Yes,Electronic check,94.2,777.3,0.8343882221904902,1
9355-NPPFS,Female,1,No,No,26,Yes,No,Fiber optic,No,No,No,No,No,Yes,Month-to-month,Yes,Electronic check,78.8,2006.1,0.6392398562948812,1
1478-VPOAD,Female,0,No,No,1,Yes,No,DSL,No,No,No,No,No,No,Month-to-month,No,Electronic check,43.8,43.8,0.7200991851701645,1
1089-HDMKP,Male,1,No,Yes,11,Yes,No,DSL,No,Yes,No,Yes,No,No,Month-to-month,Yes,Electronic check,54.55,601.25,0.30062592165681135,1
4883-QICIH,Male,0,Yes,Yes,32,Yes,No,Fiber optic,No,No,No,No,No,No,Month-to-month,Yes,Bank transfer (automatic),69.75,2347.9,0.5444873734117771,1
1049-FYSYG,Female,0,Yes,No,17,No,No phone service,DSL,No,Yes,Yes,No,No,No,Month-to-month,Yes,Credit card (automatic),35.65,646.05,0.43068242954801306,1
8725-JEDFD,Male,0,No,No,27,Yes,No,Fiber optic,No,No,No,No,No,No,Month-to-month,Yes,Mailed check,69.05,1793.25,0.3749996895453656,1
5047-LHVLY,Male,1,No,Yes,1,Yes,No,DSL,No,No,Yes,No,No,No,Month-to-month,Yes,Mailed check,50.15,50.15,0.7596646108525872,1
4548-SDBKE,Female,0,No,No,5,Yes,Yes,Fiber optic,No,No,No,No,Yes,No,Month-to-month,Yes,Electronic check,85.2,474.8,0.8841790093344524,1
0988-JRWWP,Female,0,No,No,3,Yes,No,DSL,No,No,No,No,Yes,No,Month-to-month,Yes,Electronic check,54.2,140.4,0.7112598835022373,1
0612-RTZZA,Female,1,No,No,1,No,No phone service,DSL,No,No,No,No,No,No,Month-to-month,No,Electronic check,25.25,25.25,0.892955109150165,1
7967-HYCDE,Male,0,No,No,8,Yes,No,Fiber optic,No,No,No,No,No,No,Month-to-month,No,Bank transfer (automatic),70.7,553.4,0.6587778895386367,1
1455-UGQVH,Male,0,Yes,No,10,Yes,Yes,Fiber optic,No,No,Yes,No,Yes,Yes,Month-to-month,Yes,Electronic check,98.5,1037.75,0.8864174221454502,1
9885-AIBVB,Male,0,Yes,No,29,Yes,Yes,Fiber optic,No,Yes,Yes,No,No,No,Month-to-month,Yes,Electronic check,85.8,2440.25,0.7384054310177329,1
6172-FECYY,Male,0,Yes,Yes,49,Yes,Yes,Fiber optic,No,No,No,No,Yes,No,Month-to-month,No,Electronic check,84.5,4254.85,0.6471147327889281,1
0220-EBGCE,Male,0,No,No,2,Yes,No,Fiber optic,No,No,Yes,No,No,Yes,Month-to-month,Yes,Electronic check,85.85,167.3,0.8721554407608376,1
4826-XTSOH,Male,1,Yes,No,1,Yes,Yes,Fiber optic,No,No,No,No,Yes,No,Month-to-month,Yes,Electronic check,86.05,86.05,0.9430669528724728,1
0887-HJGAR,Male,0,No,No,1,Yes,No,DSL,No,No,No,No,No,No,Month-to-month,Yes,Mailed check,45.7,45.7,0.7739209650970247,1
5552-ZNFSJ,Male,0,No,No,1,Yes,No,DSL,No,No,No,No,No,No,Month-to-month,No,Electronic check,45.3,45.3,0.7618798506756959,1
6311-UEUME,Female,0,No,No,29,Yes,No,Fiber optic,No,No,No,No,Yes,No,Month-to-month,Yes,Electronic check,78.9,2384.15,0.720627892528843,1
9572-MTILT,Male,0,Yes,No,59,Yes,Yes,Fiber optic,Yes,Yes,Yes,Yes,Yes,No,Month-to-month,Yes,Electronic check,106.75,6252.9,0.5041222461917534,1
0147-ESWWR,Female,1,Yes,No,39,Yes,Yes,Fiber optic,No,No,No,Yes,Yes,Yes,Month-to-month,Yes,Electronic check,101.25,3949.15,0.5739569067344953,1
4360-PNRQB,Male,0,No,No,18,Yes,Yes,Fiber optic,No,No,No,No,No,No,Month-to-month,Yes,Bank transfer (automatic),75.6,1395.05,0.534782117704679,1
2123-AGEEN,Female,1,No,No,7,Yes,No,Fiber optic,No,No,Yes,No,Yes,No,Month-to-month,Yes,Electronic check,84.35,609.65,0.8224376354087569,1
9747-DDZOS,Female,0,No,No,1,Yes,No,Fiber optic,No,No,Yes,No,No,No,Month-to-month,No,Bank transfer (automatic),73.5,73.5,0.8856051349634881,1
9547-ITEFG,Male,0,Yes,Yes,9,Yes,Yes,Fiber optic,No,Yes,Yes,No,Yes,Yes,Month-to-month,Yes,Credit card (automatic),102.6,897.75,0.6792963622727971,1
8490-BXHEO,Male,1,No,No,18,Yes,Yes,Fiber optic,No,Yes,No,No,No,No,Month-to-month,Yes,Credit card (automatic),80.55,1411.65,0.6016608496736807,1
5955-ERIHD,Male,0,Yes,No,18,Yes,Yes,Fiber optic,No,No,No,No,Yes,Yes,Month-to-month,Yes,Electronic check,94.7,1687.95,0.7890412683917977,1
6008-NAIXK,Male,1,No,No,54,No,No phone service,DSL,No,Yes,Yes,No,Yes,Yes,One year,Yes,Electronic check,55.45,2966.95,0.4077079923216804,1
4625-EWPTF,Male,0,No,No,8,No,No phone service,DSL,Yes,No,No,No,No,No,Month-to-month,Yes,Electronic check,30.45,226.45,0.6983081488066469,1
2607-FBDFF,Male,0,No,No,1,Yes,No,DSL,No,No,No,Yes,No,No,Month-to-month,No,Credit card (automatic),49.0,49.0,0.6303666296784074,1
3976-BWUCK,Female,0,Yes,No,30,Yes,Yes,Fiber optic,No,Yes,No,Yes,Yes,No,Month-to-month,Yes,Credit card (automatic),94.1,2804.45,0.5326892659463653,1
1077-HUUJM,Female,0,No,Yes,7,Yes,No,Fiber optic,No,No,No,No,No,No,Month-to-month,Yes,Electronic check,71.05,472.65,0.7683880822424611,1
3858-VOBET,Male,0,No,No,23,Yes,Yes,Fiber optic,No,No,No,No,No,No,Month-to-month,Yes,Electronic check,74.95,1710.45,0.7828912375368542,1
8687-BAFGU,Male,0,No,No,1,Yes,No,Fiber optic,No,No,No,Yes,No,No,Month-to-month,No,Electronic check,74.0,74.0,0.6113932413884637,1
0510-EXSMQ,Female,0,No,No,9,Yes,No,Fiber optic,No,No,No,No,No,No,Month-to-month,No,Electronic check,69.05,651.5,0.6625392250252038,1
0689-NKYLF,Male,0,No,No,13,Yes,No,Fiber optic,No,No,Yes,No,Yes,No,Month-to-month,Yes,Electronic check,83.2,1060.6,0.8102165259216844,1
4256-ZWTZI,Female,0,No,Yes,5,Yes,No,DSL,No,No,No,Yes,No,No,Month-to-month,Yes,Mailed check,51.0,286.8,0.5598158506101288,1
1842-EZJMK,Male,0,Yes,Yes,50,Yes,Yes,Fiber optic,No,Yes,No,Yes,Yes,Yes,Month-to-month,No,Electronic check,103.7,5071.05,0.5444226880133823,1
3006-XIMLN,Female,0,No,Yes,2,Yes,Yes,Fiber optic,No,No,No,No,Yes,Yes,Month-to-month,Yes,Bank transfer (automatic),94.2,193.8,0.9151959928248985,1
2458-EOMRE,Female,0,No,No,11,Yes,No,DSL,Yes,No,Yes,No,No,Yes,Month-to-month,No,Bank transfer (automatic),64.05,733.95,0.33578187592621866,1
0804-XBFBV,Female,0,No,Yes,11,No,No phone service,DSL,No,No,No,No,No,No,Month-to-month,No,Electronic check,25.2,321.05,0.4218981678062542,1
1771-OADNZ,Male,1,Yes,No,29,Yes,Yes,Fiber optic,No,Yes,Yes,No,No,Yes,Month-to-month,Yes,Electronic check,95.9,2745.2,0.7990495469202854,1
6579-JPICP,Male,0,No,No,1,Yes,No,No,No internet service,No internet service,No internet service,No internet service,No internet service,No internet service,Month-to-month,No,Mailed check,20.4,20.4,0.561962456652009,1
0486-HECZI,Male,0,Yes,No,55,Yes,Yes,Fiber optic,Yes,Yes,No,No,Yes,No,Month-to-month,Yes,Electronic check,96.75,5238.9,0.6312919700011775,1
4320-QMLLA,Male,0,No,No,7,Yes,No,DSL,No,No,No,No,Yes,No,Month-to-month,No,Mailed check,54.85,370.4,0.4922726062577027,1
4554-YGZIH,Male,1,Yes,No,49,Yes,Yes,Fiber optic,No,Yes,No,No,No,Yes,Month-to-month,No,Credit card (automatic),90.05,4547.25,0.5431456779837796,1
4614-NUVZD,Female,0,No,No,1,Yes,No,Fiber optic,No,No,No,No,No,Yes,Month-to-month,Yes,Electronic check,81.1,81.1,0.9084720592291257,1
2568-BRGYX,Male,0,No,No,4,Yes,No,Fiber optic,No,No,No,No,No,No,Month-to-month,Yes,Electronic check,70.2,237.95,0.788153426564476,1
2947-DOMLJ,Male,0,No,Yes,1,Yes,No,DSL,Yes,No,No,No,No,No,Month-to-month,No,Mailed check,50.6,50.6,0.601930954209214,1
7908-QCBCA,Female,0,Yes,No,1,Yes,No,Fiber optic,No,No,No,No,No,No,Month-to-month,Yes,Mailed check,69.4,69.4,0.8600060554975296,1
4879-GZLFH,Female,0,Yes,Yes,42,Yes,No,Fiber optic,No,No,Yes,No,Yes,Yes,Month-to-month,Yes,Electronic check,92.15,3875.4,0.5316370252171769,1
9191-MYQKX,Female,0,Yes,No,7,Yes,No,Fiber optic,No,No,Yes,No,No,No,Month-to-month,Yes,Bank transfer (automatic),75.15,496.9,0.771930490455899,1
7878-RTCZG,Female,0,No,No,1,Yes,No,No,No internet service,No internet service,No internet service,No internet service,No internet service,No internet service,Month-to-month,No,Mailed check,19.9,19.9,0.5933515586763958,1
2272-QAGFO,Female,1,No,No,14,Yes,Yes,Fiber optic,No,No,No,No,No,No,Month-to-month,Yes,Electronic check,74.3,1096.25,0.8272185588474573,1
8714-EUHJO,Female,0,Yes,Yes,31,Yes,Yes,Fiber optic,No,Yes,No,No,No,Yes,Month-to-month,Yes,Electronic check,91.15,2995.45,0.7192277693826716,1
8344-WFMFH,Male,0,No,Yes,9,Yes,No,DSL,No,Yes,No,No,No,No,Month-to-month,Yes,Electronic check,50.1,484.05,0.3738079220367388,1
0628-CNQRM,Male,0,Yes,Yes,22,Yes,No,DSL,Yes,No,Yes,Yes,Yes,No,One year,Yes,Bank transfer (automatic),67.5,1544.05,0.3908640465736555,1
8445-DNBAE,Male,0,No,Yes,1,Yes,Yes,DSL,No,No,No,No,No,No,Month-to-month,Yes,Electronic check,50.05,50.05,0.7669548812535062,1
4220-TINQT,Female,0,Yes,No,61,Yes,Yes,Fiber optic,No,No,Yes,Yes,Yes,Yes,Month-to-month,Yes,Electronic check,106.35,6751.35,0.4024584167695163,1
2737-WFVYW,Female,0,No,No,2,No,No phone service,DSL,No,No,No,No,Yes,Yes,Month-to-month,Yes,Electronic check,45.25,85.5,0.8833987343083735,1
7905-NJMXS,Male,1,Yes,No,7,Yes,Yes,DSL,Yes,Yes,No,Yes,No,No,Month-to-month,No,Electronic check,64.2,475.0,0.3965033461080287,1
4753-PADAS,Female,0,Yes,No,67,Yes,Yes,Fiber optic,No,Yes,Yes,No,Yes,Yes,One year,Yes,Bank transfer (automatic),105.7,6816.95,0.37993318969408063,1
4763-PGDPO,Female,0,No,No,4,Yes,No,Fiber optic,No,No,No,No,No,No,Month-to-month,No,Electronic check,70.4,281.0,0.7825513544346357,1
7410-OIEDU,Male,0,No,No,10,Yes,No,Fiber optic,Yes,No,Yes,No,No,No,Month-to-month,Yes,Mailed check,79.85,887.35,0.4798250693647876,1
8250-ZNGGW,Female,1,No,No,5,Yes,No,DSL,Yes,Yes,No,Yes,No,No,Month-to-month,No,Credit card (automatic),59.9,287.85,0.4905143696272319,1
3453-RTHJQ,Male,0,No,No,6,Yes,No,Fiber optic,No,No,No,No,No,No,Month-to-month,Yes,Electronic check,69.1,435.0,0.7582761765923565,1
3488-PGMQJ,Male,1,No,No,8,Yes,No,Fiber optic,No,Yes,No,No,No,No,Month-to-month,Yes,Electronic check,74.5,606.55,0.7810638945972248,1
4160-AMJTL,Female,1,No,No,8,Yes,No,No,No internet service,No internet service,No internet service,No internet service,No internet service,No internet service,Month-to-month,No,Electronic check,19.65,164.3,0.3802838612701824,1
2460-FPSYH,Female,1,No,No,40,No,No phone service,DSL,Yes,Yes,No,No,Yes,Yes,Month-to-month,Yes,Electronic check,55.8,2109.35,0.4379300505155087,1
2103-ZRXFN,Male,0,No,No,1,Yes,Yes,DSL,No,No,No,No,No,No,Month-to-month,No,Mailed check,50.75,50.75,0.7448466879769069,1
3143-ILDAL,Male,0,No,No,56,Yes,Yes,Fiber optic,No,Yes,No,Yes,No,Yes,Month-to-month,Yes,Electronic check,94.45,5124.6,0.45588981209631535,1
0537-QYZZN,Male,1,Yes,Yes,24,Yes,Yes,Fiber optic,Yes,No,No,No,No,No,Month-to-month,Yes,Electronic check,79.85,1857.75,0.6413772070881103,1
4465-VDKIQ,Female,0,No,No,18,Yes,No,Fiber optic,No,Yes,Yes,No,No,No,Month-to-month,No,Electronic check,77.8,1358.6,0.5256250940307305,1
6692-YQHXC,Male,0,No,No,16,Yes,No,Fiber optic,No,No,No,No,No,No,Month-to-month,Yes,Credit card (automatic),69.95,1205.5,0.49768413522274363,1
9992-UJOEL,Male,0,No,No,2,Yes,No,DSL,No,Yes,No,No,No,No,Month-to-month,Yes,Mailed check,50.3,92.75,0.7244772439949798,1
0310-MVLET,Female,0,Yes,Yes,61,Yes,Yes,Fiber optic,No,Yes,No,No,Yes,Yes,Month-to-month,Yes,Electronic check,99.15,6010.05,0.6507165409958633,1
2037-XJFUP,Male,0,Yes,No,33,Yes,No,Fiber optic,No,No,Yes,No,Yes,Yes,One year,Yes,Electronic check,95.8,3036.75,0.5169497123173006,1
3334-CTHOL,Female,0,No,No,1,Yes,Yes,DSL,No,No,No,No,No,No,Month-to-month,Yes,Bank transfer (automatic),49.95,49.95,0.7704206942239193,1
1396-QWFBJ,Female,0,Yes,Yes,21,Yes,No,Fiber optic,No,Yes,No,No,No,No,Month-to-month,Yes,Bank transfer (automatic),74.05,1565.7,0.49546189682341774,1
5371-VYLSX,Female,1,No,No,50,Yes,Yes,Fiber optic,Yes,Yes,No,No,No,No,Month-to-month,Yes,Electronic check,83.4,4113.7,0.6004465512094802,1
9456-ETVCM,Male,0,No,No,12,Yes,Yes,Fiber optic,No,No,No,No,Yes,Yes,Month-to-month,No,Electronic check,94.55,1173.55,0.7764490214450908,1
1984-FCOWB,Female,0,Yes,No,70,Yes,Yes,Fiber optic,No,Yes,Yes,Yes,Yes,Yes,One year,Yes,Electronic check,109.5,7674.55,0.5406894213316684,1
2983-ZANRP,Female,0,Yes,Yes,2,Yes,No,Fiber optic,No,Yes,No,No,No,No,Month-to-month,Yes,Bank transfer (automatic),73.55,145.4,0.7795801488441444,1
2070-FNEXE,Female,1,No,No,7,Yes,No,Fiber optic,Yes,No,No,No,No,No,Month-to-month,No,Bank transfer (automatic),76.45,503.6,0.7040891609499929,1
4154-AQUGT,Male,1,Yes,No,13,Yes,No,Fiber optic,No,Yes,No,Yes,No,Yes,Month-to-month,Yes,Bank transfer (automatic),89.05,1169.35,0.7231718094330322,1
3211-ILJTT,Male,0,Yes,No,17,Yes,No,Fiber optic,No,No,No,No,No,No,Month-to-month,Yes,Bank transfer (automatic),70.4,1214.05,0.5251528409502376,1
2831-EBWRN,Male,0,No,No,4,Yes,No,DSL,No,No,No,No,No,No,Month-to-month,Yes,Electronic check,45.9,199.75,0.745992379655034,1
8637-XJIVR,Female,0,No,No,12,Yes,Yes,Fiber optic,Yes,No,No,No,No,No,Month-to-month,Yes,Electronic check,78.95,927.35,0.7288523396114632,1
7245-NIIWQ,Female,0,No,No,3,Yes,No,Fiber optic,No,No,No,No,No,No,Month-to-month,Yes,Electronic check,69.85,199.85,0.782279274857803,1
6135-OZQVA,Female,0,No,No,7,Yes,Yes,DSL,Yes,No,No,No,No,No,Month-to-month,Yes,Electronic check,53.65,404.35,0.592142798470914,1
6861-XWTWQ,Male,1,Yes,No,7,Yes,Yes,Fiber optic,No,No,Yes,No,Yes,Yes,Month-to-month,Yes,Electronic check,99.25,665.45,0.9190475740551087,1
7817-BOQPW,Female,0,No,No,2,Yes,Yes,Fiber optic,No,No,No,No,No,No,Month-to-month,Yes,Electronic check,75.55,166.3,0.8632548767240926,1
5380-AFSSK,Female,0,No,No,5,Yes,Yes,Fiber optic,No,No,No,No,Yes,Yes,Month-to-month,Yes,Mailed check,93.9,486.85,0.8497114932405779,1
4283-FUTGF,Male,1,No,No,19,Yes,Yes,Fiber optic,No,No,Yes,No,No,No,Month-to-month,Yes,Electronic check,79.85,1471.75,0.7917975824759129,1
7346-MEDWM,Female,0,No,No,59,Yes,Yes,Fiber optic,No,Yes,Yes,No,No,No,Month-to-month,Yes,Electronic check,83.25,4949.1,0.42795216778520484,1
7892-POOKP,Female,0,Yes,No,28,Yes,Yes,Fiber optic,No,No,Yes,Yes,Yes,Yes,Month-to-month,Yes,Electronic check,104.8,3046.05,0.7159264091080351,1
6900-PXRMS,Male,1,Yes,Yes,26,Yes,Yes,Fiber optic,No,Yes,Yes,No,Yes,Yes,Month-to-month,No,Electronic check,105.75,2710.25,0.7490950889464871,1
2207-NHRJK,Male,0,No,No,1,Yes,No,DSL,No,Yes,No,No,No,No,Month-to-month,No,Electronic check,50.8,50.8,0.6812903058933135,1
2656-TABEH,Male,0,Yes,No,4,Yes,Yes,Fiber optic,No,Yes,No,No,Yes,Yes,Month-to-month,Yes,Electronic check,100.2,420.2,0.9182228918631344,1
5843-TTHGI,Female,0,No,No,18,Yes,No,DSL,No,No,Yes,No,No,No,Month-to-month,Yes,Mailed check,50.0,892.7,0.4208744348398803,1
2027-WKXMW,Female,0,Yes,No,63,Yes,Yes,Fiber optic,No,Yes,Yes,Yes,Yes,Yes,Month-to-month,Yes,Electronic check,108.75,6871.7,0.3721096192144276,1
2040-VZIKE,Female,0,Yes,No,49,Yes,Yes,Fiber optic,Yes,No,No,No,Yes,Yes,Month-to-month,Yes,Mailed check,100.85,4847.35,0.46184726327590153,1
5356-CSVSQ,Female,0,No,No,3,Yes,Yes,DSL,No,No,No,Yes,Yes,No,Month-to-month,No,Electronic check,64.6,174.2,0.5887018571371018,1
2514-GINMM,Male,0,No,No,1,Yes,No,Fiber optic,No,No,No,No,Yes,No,Month-to-month,Yes,Electronic check,79.5,79.5,0.9166844798791225,1
2378-VTKDH,Male,1,Yes,No,65,Yes,Yes,Fiber optic,No,Yes,Yes,No,Yes,Yes,Month-to-month,Yes,Electronic check,104.35,6578.55,0.6067813593158095,1
9986-BONCE,Female,0,No,No,4,Yes,No,No,No internet service,No internet service,No internet service,No internet service,No internet service,No internet service,Month-to-month,No,Bank transfer (automatic),20.95,85.5,0.3742244309825719,1
7312-XSBAT,Male,0,No,No,1,Yes,No,DSL,Yes,No,No,No,No,No,Month-to-month,No,Electronic check,49.75,49.75,0.618136070547533,1
9254-RBFON,Female,0,Yes,Yes,17,Yes,No,Fiber optic,No,No,Yes,Yes,Yes,Yes,One year,No,Bank transfer (automatic),98.6,1704.95,0.5240322972158425,1
0691-NIKRI,Female,0,No,No,40,Yes,Yes,Fiber optic,No,No,Yes,Yes,Yes,Yes,One year,Yes,Credit card (automatic),105.95,4335.2,0.34089539799534024,1
0468-YRPXN,Male,0,No,No,29,Yes,No,Fiber optic,No,No,Yes,Yes,Yes,Yes,Month-to-month,Yes,Credit card (automatic),98.8,2807.1,0.4507848088691008,1
8049-WJCLQ,Male,0,Yes,Yes,10,Yes,No,DSL,No,No,Yes,No,Yes,No,Month-to-month,No,Mailed check,60.2,563.5,0.32382275557085555,1
3199-NPKCN,Female,0,Yes,No,67,Yes,Yes,Fiber optic,Yes,No,Yes,Yes,Yes,Yes,One year,Yes,Electronic check,111.25,7511.65,0.39853893148355096,1
7529-ZDFXI,Male,1,Yes,No,57,Yes,Yes,Fiber optic,No,Yes,No,No,No,Yes,Month-to-month,Yes,Electronic check,89.85,4925.35,0.49193867781677025,1
9978-HYCIN,Male,1,Yes,Yes,47,Yes,No,Fiber optic,No,Yes,No,No,Yes,No,One year,Yes,Bank transfer (automatic),84.95,4018.05,0.3450985861645377,1
5378-IKEEG,Female,0,No,No,1,No,No phone service,DSL,No,No,No,No,Yes,No,Month-to-month,Yes,Electronic check,35.75,35.75,0.8852786353118374,1
0471-ARVMX,Female,1,Yes,No,62,Yes,Yes,Fiber optic,Yes,No,Yes,No,Yes,Yes,One year,Yes,Electronic check,104.85,6312.9,0.38071164995138296,1
4067-HLYQI,Female,0,No,No,33,Yes,No,Fiber optic,No,No,No,No,No,No,Month-to-month,Yes,Bank transfer (automatic),70.4,2406.1,0.4895036067238499,1
4612-SSVHJ,Female,1,No,No,20,Yes,No,Fiber optic,No,No,No,No,No,Yes,Month-to-month,Yes,Electronic check,81.45,1671.6,0.6293105279167823,1
8292-TYSPY,Male,0,No,No,19,Yes,No,DSL,No,No,Yes,Yes,No,No,Month-to-month,Yes,Credit card (automatic),55.0,1046.5,0.40793756243105117,1
3413-BMNZE,Male,1,No,No,1,Yes,No,DSL,No,No,No,No,No,No,Month-to-month,No,Bank transfer (automatic),45.25,45.25,0.6894483994807702,1
6806-YDEUL,Female,1,No,No,6,Yes,No,No,No internet service,No internet service,No internet service,No internet service,No internet service,No internet service,Month-to-month,No,Bank transfer (automatic),19.5,106.8,0.3341703019416101,1
2868-MZAGQ,Male,0,No,No,1,Yes,No,Fiber optic,No,No,No,No,No,Yes,Month-to-month,Yes,Electronic check,79.25,79.25,0.9065698209429874,1
5945-AZYHT,Male,0,Yes,No,71,Yes,Yes,Fiber optic,Yes,Yes,Yes,No,Yes,Yes,One year,Yes,Electronic check,109.6,7854.15,0.41750672120866883,1
1355-KUSBG,Female,0,Yes,Yes,7,Yes,Yes,DSL,No,No,No,No,No,No,Month-to-month,No,Electronic check,48.8,349.8,0.4827001727593009,1
2252-ISRNH,Male,0,Yes,Yes,9,Yes,Yes,Fiber optic,No,No,Yes,No,Yes,No,One year,Yes,Electronic check,90.35,767.9,0.5794223526726409,1
5043-TRZWM,Female,0,No,No,1,Yes,No,Fiber optic,No,No,Yes,No,No,No,Month-to-month,No,Electronic check,75.55,75.55,0.9046783110825087,1
1069-XAIEM,Female,1,No,No,1,Yes,Yes,Fiber optic,No,No,No,No,No,Yes,Month-to-month,Yes,Electronic check,85.05,85.05,0.941093073870799,1
2959-MJHIC,Male,0,Yes,No,4,Yes,No,Fiber optic,No,No,No,No,Yes,No,Month-to-month,Yes,Electronic check,80.35,307.4,0.8545232687886929,1
0137-OCGAB,Female,0,No,No,1,Yes,Yes,Fiber optic,No,Yes,No,No,No,No,Month-to-month,Yes,Mailed check,80.2,80.2,0.867598282175138,1
8456-QDAVC,Male,0,No,No,19,Yes,No,Fiber optic,No,No,No,No,Yes,No,Month-to-month,Yes,Bank transfer (automatic),78.7,1495.1,0.5016108626670713,1
2100-BDNSN,Female,0,Yes,No,5,Yes,Yes,DSL,No,No,Yes,Yes,Yes,No,Month-to-month,No,Bank transfer (automatic),67.95,350.3,0.5544589004813641,1
6728-VOIFY,Female,0,Yes,No,63,Yes,No,Fiber optic,No,Yes,No,No,Yes,Yes,One year,Yes,Electronic check,96.0,6109.75,0.4266170750789988,1
2660-EMUBI,Male,1,No,No,10,Yes,Yes,Fiber optic,No,No,No,No,Yes,Yes,Month-to-month,Yes,Electronic check,95.35,898.35,0.8996169300232346,1
1465-VINDH,Female,0,Yes,Yes,10,Yes,Yes,Fiber optic,No,Yes,Yes,No,Yes,Yes,Month-to-month,Yes,Credit card (automatic),102.1,1068.85,0.7666564215530981,1
0781-LKXBR,Male,1,No,No,9,Yes,Yes,Fiber optic,No,No,Yes,No,Yes,Yes,Month-to-month,Yes,Electronic check,100.5,918.6,0.8987808358912683,1
1905-OEILC,Female,0,No,No,1,Yes,No,No,No internet service,No internet service,No internet service,No internet service,No internet service,No internet service,Month-to-month,No,Mailed check,19.5,19.5,0.5577246448626411,1
5934-TSSAU,Female,0,Yes,Yes,23,Yes,No,Fiber optic,No,No,Yes,No,No,No,Month-to-month,Yes,Credit card (automatic),75.3,1702.9,0.4399493992065067,1
7153-OANIO,Male,0,No,No,1,Yes,No,Fiber optic,No,No,No,No,No,No,Month-to-month,No,Electronic check,69.95,69.95,0.8714486979068675,1
9360-OMDZZ,Male,0,No,No,24,Yes,Yes,Fiber optic,No,No,No,No,Yes,Yes,Month-to-month,Yes,Electronic check,94.1,2322.85,0.7972559433167044,1
7291-CDTMJ,Male,0,No,No,1,Yes,No,No,No internet service,No internet service,No internet service,No internet service,No internet service,No internet service,Month-to-month,Yes,Bank transfer (automatic),19.65,19.65,0.5016146038210069,1
1415-YFWLT,Female,1,No,No,1,Yes,No,Fiber optic,No,No,No,No,Yes,Yes,Month-to-month,Yes,Electronic check,89.3,89.3,0.9282264723720192,1
9282-IZGQK,Female,0,No,No,1,Yes,Yes,Fiber optic,No,No,No,No,No,Yes,Month-to-month,Yes,Electronic check,85.0,85.0,0.9273729959980207,1
9129-UXERG,Female,1,No,No,18,Yes,Yes,Fiber optic,No,Yes,No,Yes,Yes,Yes,Month-to-month,Yes,Credit card (automatic),103.6,1806.35,0.5754228646631236,1
4881-JVQOD,Male,1,Yes,Yes,10,No,No phone service,DSL,No,No,No,No,No,Yes,Month-to-month,Yes,Bank transfer (automatic),34.55,362.6,0.4100512033928165,1
9112-WSNPU,Female,1,No,No,35,Yes,No,Fiber optic,No,No,No,No,No,No,Month-to-month,No,Electronic check,70.55,2419.0,0.5307218785446711,1
6711-FLDFB,Female,0,No,No,7,Yes,Yes,Fiber optic,No,No,No,No,No,No,Month-to-month,Yes,Electronic check,74.9,541.15,0.801249933260184,1
2344-JMOGN,Male,0,Yes,No,9,Yes,No,Fiber optic,No,Yes,Yes,Yes,Yes,No,Month-to-month,Yes,Mailed check,94.85,890.6,0.7794427706975052,1
6705-LXORM,Female,1,Yes,No,5,Yes,No,Fiber optic,No,No,No,No,No,No,Month-to-month,No,Electronic check,70.05,302.6,0.7109477497628905,1
1322-AGOQM,Male,0,No,No,46,No,No phone service,DSL,No,Yes,No,No,No,No,Month-to-month,No,Bank transfer (automatic),30.3,1380.1,0.3689195891813485,1
7625-XCQRH,Female,0,No,No,11,Yes,Yes,Fiber optic,No,No,No,No,No,No,Month-to-month,Yes,Electronic check,76.5,837.95,0.8011307510432465,1
3590-DWSLF,Female,0,No,No,70,Yes,Yes,Fiber optic,Yes,Yes,Yes,Yes,Yes,Yes,One year,No,Credit card (automatic),115.55,8127.6,0.5237103932303856,1
4720-VSTSI,Female,0,No,No,44,Yes,Yes,Fiber optic,No,Yes,Yes,No,No,No,Month-to-month,Yes,Bank transfer (automatic),84.8,3862.55,0.5386719340570995,1
